Descrição,Data,Quantidade,PdCusto,PdVenda,Tecido,Estacao
Calça Verão Tactel,2013-01-01,17,20,40,Tactel,Verão
Calça Verão Cetim,2013-01-01,11,25,50,Cetim,Verão
Bermuda Verão Jeans,2013-01-01,19,15,30,Jeans,Verão
Blusa Verão Seda,2013-01-01,27,18,36,Seda,Verão
Camisa Verão Algodão,2013-01-01,10,22,44,Algodão,Verão
Cropped Verão Algodão,2013-01-01,10,10,20,Algodão,Verão
Saia Verão Viscose,2013-01-01,28,12,24,Viscose,Verão
Short Verão Jeans,2013-01-01,20,16,32,Jeans,Verão
T-shirt Verão Poliéster,2013-01-01,7,8,16,Poliéster,Verão
Vestido Verão Cetim,2013-01-01,18,30,60,Cetim,Verão
Vestido Verão Cetim,2013-02-01,8,30,60,Cetim,Verão
T-shirt Verão Poliéster,2013-02-01,8,8,16,Poliéster,Verão
Short Verão Jeans,2013-02-01,15,16,32,Jeans,Verão
Saia Verão Viscose,2013-02-01,0,12,24,Viscose,Verão
Cropped Verão Algodão,2013-02-01,0,10,20,Algodão,Verão
Calça Verão Cetim,2013-02-01,7,25,50,Cetim,Verão
Blusa Verão Seda,2013-02-01,2,18,36,Seda,Verão
Bermuda Verão Jeans,2013-02-01,16,15,30,Jeans,Verão
Calça Verão Tactel,2013-02-01,3,20,40,Tactel,Verão
Camisa Verão Algodão,2013-02-01,0,22,44,Algodão,Verão
Saia Verão Viscose,2013-11-01,27,12,24,Viscose,Verão
Vestido Verão Cetim,2013-11-01,10,30,60,Cetim,Verão
T-shirt Verão Poliéster,2013-11-01,13,8,16,Poliéster,Verão
Cropped Verão Algodão,2013-11-01,0,10,20,Algodão,Verão
Short Verão Jeans,2013-11-01,7,16,32,Jeans,Verão
Blusa Verão Seda,2013-11-01,14,18,36,Seda,Verão
Bermuda Verão Jeans,2013-11-01,1,15,30,Jeans,Verão
Camisa Verão Algodão,2013-11-01,16,22,44,Algodão,Verão
Calça Verão Cetim,2013-11-01,7,25,50,Cetim,Verão
Calça Verão Tactel,2013-11-01,10,20,40,Tactel,Verão
T-shirt Verão Poliéster,2013-12-01,7,8,16,Poliéster,Verão
Short Verão Jeans,2013-12-01,31,16,32,Jeans,Verão
Saia Verão Viscose,2013-12-01,13,12,24,Viscose,Verão
Cropped Verão Algodão,2013-12-01,2,10,20,Algodão,Verão
Vestido Verão Cetim,2013-12-01,21,30,60,Cetim,Verão
Blusa Verão Seda,2013-12-01,1,18,36,Seda,Verão
Bermuda Verão Jeans,2013-12-01,15,15,30,Jeans,Verão
Calça Verão Cetim,2013-12-01,0,25,50,Cetim,Verão
Calça Verão Tactel,2013-12-01,0,20,40,Tactel,Verão
Camisa Verão Algodão,2013-12-01,15,22,44,Algodão,Verão
Vestido Verão Cetim,2014-01-01,20,30,60,Cetim,Verão
T-shirt Verão Poliéster,2014-01-01,15,8,16,Poliéster,Verão
Short Verão Jeans,2014-01-01,12,16,32,Jeans,Verão
Saia Verão Viscose,2014-01-01,10,12,24,Viscose,Verão
Cropped Verão Algodão,2014-01-01,0,10,20,Algodão,Verão
Camisa Verão Algodão,2014-01-01,6,22,44,Algodão,Verão
Bermuda Verão Jeans,2014-01-01,8,15,30,Jeans,Verão
Calça Verão Cetim,2014-01-01,24,25,50,Cetim,Verão
Calça Verão Tactel,2014-01-01,17,20,40,Tactel,Verão
Blusa Verão Seda,2014-01-01,0,18,36,Seda,Verão
Saia Verão Viscose,2014-02-01,16,12,24,Viscose,Verão
Vestido Verão Cetim,2014-02-01,9,30,60,Cetim,Verão
T-shirt Verão Poliéster,2014-02-01,6,8,16,Poliéster,Verão
Short Verão Jeans,2014-02-01,19,16,32,Jeans,Verão
Cropped Verão Algodão,2014-02-01,24,10,20,Algodão,Verão
Bermuda Verão Jeans,2014-02-01,23,15,30,Jeans,Verão
Blusa Verão Seda,2014-02-01,5,18,36,Seda,Verão
Camisa Verão Algodão,2014-02-01,10,22,44,Algodão,Verão
Calça Verão Cetim,2014-02-01,17,25,50,Cetim,Verão
Calça Verão Tactel,2014-02-01,23,20,40,Tactel,Verão
Vestido Verão Cetim,2014-11-01,9,30,60,Cetim,Verão
T-shirt Verão Poliéster,2014-11-01,12,8,16,Poliéster,Verão
Short Verão Jeans,2014-11-01,2,16,32,Jeans,Verão
Saia Verão Viscose,2014-11-01,2,12,24,Viscose,Verão
Cropped Verão Algodão,2014-11-01,22,10,20,Algodão,Verão
Blusa Verão Seda,2014-11-01,27,18,36,Seda,Verão
Bermuda Verão Jeans,2014-11-01,13,15,30,Jeans,Verão
Calça Verão Cetim,2014-11-01,24,25,50,Cetim,Verão
Calça Verão Tactel,2014-11-01,17,20,40,Tactel,Verão
Camisa Verão Algodão,2014-11-01,7,22,44,Algodão,Verão
Saia Verão Viscose,2014-12-01,17,12,24,Viscose,Verão
Vestido Verão Cetim,2014-12-01,29,30,60,Cetim,Verão
T-shirt Verão Poliéster,2014-12-01,13,8,16,Poliéster,Verão
Short Verão Jeans,2014-12-01,29,16,32,Jeans,Verão
Cropped Verão Algodão,2014-12-01,0,10,20,Algodão,Verão
Calça Verão Tactel,2014-12-01,22,20,40,Tactel,Verão
Blusa Verão Seda,2014-12-01,15,18,36,Seda,Verão
Bermuda Verão Jeans,2014-12-01,11,15,30,Jeans,Verão
Calça Verão Cetim,2014-12-01,15,25,50,Cetim,Verão
Camisa Verão Algodão,2014-12-01,0,22,44,Algodão,Verão
Saia Verão Viscose,2015-01-01,12,12,24,Viscose,Verão
Vestido Verão Cetim,2015-01-01,18,30,60,Cetim,Verão
T-shirt Verão Poliéster,2015-01-01,29,8,16,Poliéster,Verão
Short Verão Jeans,2015-01-01,9,16,32,Jeans,Verão
Cropped Verão Algodão,2015-01-01,6,10,20,Algodão,Verão
Calça Verão Tactel,2015-01-01,9,20,40,Tactel,Verão
Blusa Verão Seda,2015-01-01,23,18,36,Seda,Verão
Bermuda Verão Jeans,2015-01-01,17,15,30,Jeans,Verão
Calça Verão Cetim,2015-01-01,9,25,50,Cetim,Verão
Camisa Verão Algodão,2015-01-01,19,22,44,Algodão,Verão
Vestido Verão Cetim,2015-02-01,15,30,60,Cetim,Verão
T-shirt Verão Poliéster,2015-02-01,24,8,16,Poliéster,Verão
Short Verão Jeans,2015-02-01,7,16,32,Jeans,Verão
Saia Verão Viscose,2015-02-01,11,12,24,Viscose,Verão
Cropped Verão Algodão,2015-02-01,10,10,20,Algodão,Verão
Blusa Verão Seda,2015-02-01,0,18,36,Seda,Verão
Bermuda Verão Jeans,2015-02-01,17,15,30,Jeans,Verão
Calça Verão Cetim,2015-02-01,17,25,50,Cetim,Verão
Calça Verão Tactel,2015-02-01,14,20,40,Tactel,Verão
Camisa Verão Algodão,2015-02-01,12,22,44,Algodão,Verão
Saia Verão Viscose,2015-11-01,0,12,24,Viscose,Verão
Vestido Verão Cetim,2015-11-01,10,30,60,Cetim,Verão
T-shirt Verão Poliéster,2015-11-01,11,8,16,Poliéster,Verão
Short Verão Jeans,2015-11-01,6,16,32,Jeans,Verão
Cropped Verão Algodão,2015-11-01,13,10,20,Algodão,Verão
Calça Verão Cetim,2015-11-01,19,25,50,Cetim,Verão
Blusa Verão Seda,2015-11-01,33,18,36,Seda,Verão
Calça Verão Tactel,2015-11-01,16,20,40,Tactel,Verão
Camisa Verão Algodão,2015-11-01,17,22,44,Algodão,Verão
Bermuda Verão Jeans,2015-11-01,14,15,30,Jeans,Verão
Calça Verão Tactel,2015-12-01,0,20,40,Tactel,Verão
Calça Verão Cetim,2015-12-01,14,25,50,Cetim,Verão
Bermuda Verão Jeans,2015-12-01,15,15,30,Jeans,Verão
Blusa Verão Seda,2015-12-01,39,18,36,Seda,Verão
Camisa Verão Algodão,2015-12-01,13,22,44,Algodão,Verão
Cropped Verão Algodão,2015-12-01,18,10,20,Algodão,Verão
Saia Verão Viscose,2015-12-01,14,12,24,Viscose,Verão
Short Verão Jeans,2015-12-01,3,16,32,Jeans,Verão
T-shirt Verão Poliéster,2015-12-01,26,8,16,Poliéster,Verão
Vestido Verão Cetim,2015-12-01,22,30,60,Cetim,Verão
Vestido Verão Cetim,2016-01-01,23,30,60,Cetim,Verão
T-shirt Verão Poliéster,2016-01-01,6,8,16,Poliéster,Verão
Short Verão Jeans,2016-01-01,29,16,32,Jeans,Verão
Saia Verão Viscose,2016-01-01,1,12,24,Viscose,Verão
Cropped Verão Algodão,2016-01-01,21,10,20,Algodão,Verão
Calça Verão Cetim,2016-01-01,37,25,50,Cetim,Verão
Blusa Verão Seda,2016-01-01,5,18,36,Seda,Verão
Bermuda Verão Jeans,2016-01-01,9,15,30,Jeans,Verão
Calça Verão Tactel,2016-01-01,16,20,40,Tactel,Verão
Camisa Verão Algodão,2016-01-01,10,22,44,Algodão,Verão
Saia Verão Viscose,2016-02-01,0,12,24,Viscose,Verão
Vestido Verão Cetim,2016-02-01,16,30,60,Cetim,Verão
T-shirt Verão Poliéster,2016-02-01,5,8,16,Poliéster,Verão
Short Verão Jeans,2016-02-01,20,16,32,Jeans,Verão
Cropped Verão Algodão,2016-02-01,6,10,20,Algodão,Verão
Calça Verão Cetim,2016-02-01,31,25,50,Cetim,Verão
Blusa Verão Seda,2016-02-01,7,18,36,Seda,Verão
Camisa Verão Algodão,2016-02-01,12,22,44,Algodão,Verão
Calça Verão Tactel,2016-02-01,23,20,40,Tactel,Verão
Bermuda Verão Jeans,2016-02-01,3,15,30,Jeans,Verão
Calça Verão Tactel,2016-11-01,18,20,40,Tactel,Verão
Calça Verão Cetim,2016-11-01,28,25,50,Cetim,Verão
Bermuda Verão Jeans,2016-11-01,0,15,30,Jeans,Verão
Blusa Verão Seda,2016-11-01,17,18,36,Seda,Verão
Camisa Verão Algodão,2016-11-01,18,22,44,Algodão,Verão
Saia Verão Viscose,2016-11-01,23,12,24,Viscose,Verão
Short Verão Jeans,2016-11-01,3,16,32,Jeans,Verão
T-shirt Verão Poliéster,2016-11-01,2,8,16,Poliéster,Verão
Vestido Verão Cetim,2016-11-01,21,30,60,Cetim,Verão
Cropped Verão Algodão,2016-11-01,19,10,20,Algodão,Verão
Cropped Verão Algodão,2016-12-01,18,10,20,Algodão,Verão
T-shirt Verão Poliéster,2016-12-01,19,8,16,Poliéster,Verão
Short Verão Jeans,2016-12-01,9,16,32,Jeans,Verão
Saia Verão Viscose,2016-12-01,18,12,24,Viscose,Verão
Vestido Verão Cetim,2016-12-01,19,30,60,Cetim,Verão
Camisa Verão Algodão,2016-12-01,9,22,44,Algodão,Verão
Bermuda Verão Jeans,2016-12-01,34,15,30,Jeans,Verão
Calça Verão Cetim,2016-12-01,20,25,50,Cetim,Verão
Calça Verão Tactel,2016-12-01,4,20,40,Tactel,Verão
Blusa Verão Seda,2016-12-01,22,18,36,Seda,Verão
Vestido Verão Cetim,2017-01-01,6,30,60,Cetim,Verão
T-shirt Verão Poliéster,2017-01-01,24,8,16,Poliéster,Verão
Short Verão Jeans,2017-01-01,27,16,32,Jeans,Verão
Saia Verão Viscose,2017-01-01,8,12,24,Viscose,Verão
Cropped Verão Algodão,2017-01-01,26,10,20,Algodão,Verão
Camisa Verão Algodão,2017-01-01,20,22,44,Algodão,Verão
Blusa Verão Seda,2017-01-01,24,18,36,Seda,Verão
Bermuda Verão Jeans,2017-01-01,35,15,30,Jeans,Verão
Calça Verão Cetim,2017-01-01,14,25,50,Cetim,Verão
Calça Verão Tactel,2017-01-01,8,20,40,Tactel,Verão
T-shirt Verão Poliéster,2017-02-01,7,8,16,Poliéster,Verão
Short Verão Jeans,2017-02-01,8,16,32,Jeans,Verão
Saia Verão Viscose,2017-02-01,15,12,24,Viscose,Verão
Cropped Verão Algodão,2017-02-01,20,10,20,Algodão,Verão
Vestido Verão Cetim,2017-02-01,19,30,60,Cetim,Verão
Blusa Verão Seda,2017-02-01,24,18,36,Seda,Verão
Bermuda Verão Jeans,2017-02-01,16,15,30,Jeans,Verão
Calça Verão Cetim,2017-02-01,31,25,50,Cetim,Verão
Calça Verão Tactel,2017-02-01,14,20,40,Tactel,Verão
Camisa Verão Algodão,2017-02-01,43,22,44,Algodão,Verão
T-shirt Verão Poliéster,2017-11-01,23,8,16,Poliéster,Verão
Short Verão Jeans,2017-11-01,8,16,32,Jeans,Verão
Saia Verão Viscose,2017-11-01,6,12,24,Viscose,Verão
Cropped Verão Algodão,2017-11-01,21,10,20,Algodão,Verão
Vestido Verão Cetim,2017-11-01,14,30,60,Cetim,Verão
Blusa Verão Seda,2017-11-01,24,18,36,Seda,Verão
Bermuda Verão Jeans,2017-11-01,21,15,30,Jeans,Verão
Calça Verão Cetim,2017-11-01,16,25,50,Cetim,Verão
Calça Verão Tactel,2017-11-01,8,20,40,Tactel,Verão
Camisa Verão Algodão,2017-11-01,1,22,44,Algodão,Verão
Vestido Verão Cetim,2017-12-01,12,30,60,Cetim,Verão
T-shirt Verão Poliéster,2017-12-01,25,8,16,Poliéster,Verão
Short Verão Jeans,2017-12-01,19,16,32,Jeans,Verão
Saia Verão Viscose,2017-12-01,4,12,24,Viscose,Verão
Cropped Verão Algodão,2017-12-01,18,10,20,Algodão,Verão
Camisa Verão Algodão,2017-12-01,21,22,44,Algodão,Verão
Bermuda Verão Jeans,2017-12-01,8,15,30,Jeans,Verão
Calça Verão Cetim,2017-12-01,18,25,50,Cetim,Verão
Calça Verão Tactel,2017-12-01,17,20,40,Tactel,Verão
Blusa Verão Seda,2017-12-01,5,18,36,Seda,Verão
Saia Verão Viscose,2018-01-01,20,12,24,Viscose,Verão
T-shirt Verão Poliéster,2018-01-01,22,8,16,Poliéster,Verão
Short Verão Jeans,2018-01-01,28,16,32,Jeans,Verão
Cropped Verão Algodão,2018-01-01,27,10,20,Algodão,Verão
Vestido Verão Cetim,2018-01-01,3,30,60,Cetim,Verão
Blusa Verão Seda,2018-01-01,8,18,36,Seda,Verão
Bermuda Verão Jeans,2018-01-01,22,15,30,Jeans,Verão
Calça Verão Cetim,2018-01-01,22,25,50,Cetim,Verão
Calça Verão Tactel,2018-01-01,22,20,40,Tactel,Verão
Camisa Verão Algodão,2018-01-01,56,22,44,Algodão,Verão
Vestido Verão Cetim,2018-02-01,23,30,60,Cetim,Verão
T-shirt Verão Poliéster,2018-02-01,28,8,16,Poliéster,Verão
Short Verão Jeans,2018-02-01,27,16,32,Jeans,Verão
Saia Verão Viscose,2018-02-01,24,12,24,Viscose,Verão
Cropped Verão Algodão,2018-02-01,14,10,20,Algodão,Verão
Camisa Verão Algodão,2018-02-01,25,22,44,Algodão,Verão
Blusa Verão Seda,2018-02-01,9,18,36,Seda,Verão
Bermuda Verão Jeans,2018-02-01,15,15,30,Jeans,Verão
Calça Verão Cetim,2018-02-01,12,25,50,Cetim,Verão
Calça Verão Tactel,2018-02-01,18,20,40,Tactel,Verão
T-shirt Verão Poliéster,2018-11-01,40,8,16,Poliéster,Verão
Short Verão Jeans,2018-11-01,0,16,32,Jeans,Verão
Saia Verão Viscose,2018-11-01,24,12,24,Viscose,Verão
Cropped Verão Algodão,2018-11-01,1,10,20,Algodão,Verão
Vestido Verão Cetim,2018-11-01,13,30,60,Cetim,Verão
Blusa Verão Seda,2018-11-01,28,18,36,Seda,Verão
Bermuda Verão Jeans,2018-11-01,18,15,30,Jeans,Verão
Calça Verão Cetim,2018-11-01,7,25,50,Cetim,Verão
Calça Verão Tactel,2018-11-01,10,20,40,Tactel,Verão
Camisa Verão Algodão,2018-11-01,24,22,44,Algodão,Verão
T-shirt Verão Poliéster,2018-12-01,10,8,16,Poliéster,Verão
Short Verão Jeans,2018-12-01,20,16,32,Jeans,Verão
Saia Verão Viscose,2018-12-01,18,12,24,Viscose,Verão
Cropped Verão Algodão,2018-12-01,11,10,20,Algodão,Verão
Vestido Verão Cetim,2018-12-01,39,30,60,Cetim,Verão
Blusa Verão Seda,2018-12-01,24,18,36,Seda,Verão
Bermuda Verão Jeans,2018-12-01,0,15,30,Jeans,Verão
Calça Verão Cetim,2018-12-01,20,25,50,Cetim,Verão
Calça Verão Tactel,2018-12-01,11,20,40,Tactel,Verão
Camisa Verão Algodão,2018-12-01,26,22,44,Algodão,Verão
Vestido Verão Cetim,2019-01-01,10,30,60,Cetim,Verão
T-shirt Verão Poliéster,2019-01-01,17,8,16,Poliéster,Verão
Short Verão Jeans,2019-01-01,23,16,32,Jeans,Verão
Saia Verão Viscose,2019-01-01,26,12,24,Viscose,Verão
Cropped Verão Algodão,2019-01-01,6,10,20,Algodão,Verão
Camisa Verão Algodão,2019-01-01,15,22,44,Algodão,Verão
Bermuda Verão Jeans,2019-01-01,13,15,30,Jeans,Verão
Calça Verão Cetim,2019-01-01,11,25,50,Cetim,Verão
Calça Verão Tactel,2019-01-01,36,20,40,Tactel,Verão
Blusa Verão Seda,2019-01-01,22,18,36,Seda,Verão
Saia Verão Viscose,2019-02-01,5,12,24,Viscose,Verão
T-shirt Verão Poliéster,2019-02-01,27,8,16,Poliéster,Verão
Short Verão Jeans,2019-02-01,39,16,32,Jeans,Verão
Cropped Verão Algodão,2019-02-01,28,10,20,Algodão,Verão
Vestido Verão Cetim,2019-02-01,3,30,60,Cetim,Verão
Blusa Verão Seda,2019-02-01,13,18,36,Seda,Verão
Calça Verão Tactel,2019-02-01,31,20,40,Tactel,Verão
Camisa Verão Algodão,2019-02-01,11,22,44,Algodão,Verão
Bermuda Verão Jeans,2019-02-01,23,15,30,Jeans,Verão
Calça Verão Cetim,2019-02-01,26,25,50,Cetim,Verão
T-shirt Verão Poliéster,2019-11-01,9,8,16,Poliéster,Verão
Short Verão Jeans,2019-11-01,18,16,32,Jeans,Verão
Saia Verão Viscose,2019-11-01,0,12,24,Viscose,Verão
Cropped Verão Algodão,2019-11-01,8,10,20,Algodão,Verão
Vestido Verão Cetim,2019-11-01,16,30,60,Cetim,Verão
Blusa Verão Seda,2019-11-01,6,18,36,Seda,Verão
Bermuda Verão Jeans,2019-11-01,35,15,30,Jeans,Verão
Calça Verão Cetim,2019-11-01,4,25,50,Cetim,Verão
Calça Verão Tactel,2019-11-01,14,20,40,Tactel,Verão
Camisa Verão Algodão,2019-11-01,20,22,44,Algodão,Verão
Vestido Verão Cetim,2019-12-01,33,30,60,Cetim,Verão
T-shirt Verão Poliéster,2019-12-01,4,8,16,Poliéster,Verão
Short Verão Jeans,2019-12-01,30,16,32,Jeans,Verão
Saia Verão Viscose,2019-12-01,19,12,24,Viscose,Verão
Cropped Verão Algodão,2019-12-01,9,10,20,Algodão,Verão
Camisa Verão Algodão,2019-12-01,23,22,44,Algodão,Verão
Bermuda Verão Jeans,2019-12-01,21,15,30,Jeans,Verão
Calça Verão Tactel,2019-12-01,13,20,40,Tactel,Verão
Blusa Verão Seda,2019-12-01,19,18,36,Seda,Verão
Calça Verão Cetim,2019-12-01,15,25,50,Cetim,Verão
Vestido Verão Cetim,2020-01-01,20,30,60,Cetim,Verão
Cropped Verão Algodão,2020-01-01,25,10,20,Algodão,Verão
T-shirt Verão Poliéster,2020-01-01,35,8,16,Poliéster,Verão
Short Verão Jeans,2020-01-01,6,16,32,Jeans,Verão
Saia Verão Viscose,2020-01-01,40,12,24,Viscose,Verão
Camisa Verão Algodão,2020-01-01,0,22,44,Algodão,Verão
Bermuda Verão Jeans,2020-01-01,17,15,30,Jeans,Verão
Calça Verão Cetim,2020-01-01,25,25,50,Cetim,Verão
Calça Verão Tactel,2020-01-01,22,20,40,Tactel,Verão
Blusa Verão Seda,2020-01-01,13,18,36,Seda,Verão
Vestido Verão Cetim,2020-02-01,17,30,60,Cetim,Verão
T-shirt Verão Poliéster,2020-02-01,14,8,16,Poliéster,Verão
Short Verão Jeans,2020-02-01,13,16,32,Jeans,Verão
Saia Verão Viscose,2020-02-01,27,12,24,Viscose,Verão
Cropped Verão Algodão,2020-02-01,23,10,20,Algodão,Verão
Blusa Verão Seda,2020-02-01,12,18,36,Seda,Verão
Bermuda Verão Jeans,2020-02-01,28,15,30,Jeans,Verão
Calça Verão Cetim,2020-02-01,22,25,50,Cetim,Verão
Calça Verão Tactel,2020-02-01,27,20,40,Tactel,Verão
Camisa Verão Algodão,2020-02-01,25,22,44,Algodão,Verão
Saia Verão Viscose,2020-11-01,11,12,24,Viscose,Verão
Vestido Verão Cetim,2020-11-01,14,30,60,Cetim,Verão
T-shirt Verão Poliéster,2020-11-01,27,8,16,Poliéster,Verão
Short Verão Jeans,2020-11-01,25,16,32,Jeans,Verão
Cropped Verão Algodão,2020-11-01,19,10,20,Algodão,Verão
Calça Verão Tactel,2020-11-01,20,20,40,Tactel,Verão
Blusa Verão Seda,2020-11-01,32,18,36,Seda,Verão
Bermuda Verão Jeans,2020-11-01,13,15,30,Jeans,Verão
Calça Verão Cetim,2020-11-01,25,25,50,Cetim,Verão
Camisa Verão Algodão,2020-11-01,17,22,44,Algodão,Verão
Saia Verão Viscose,2020-12-01,17,12,24,Viscose,Verão
T-shirt Verão Poliéster,2020-12-01,30,8,16,Poliéster,Verão
Short Verão Jeans,2020-12-01,28,16,32,Jeans,Verão
Vestido Verão Cetim,2020-12-01,28,30,60,Cetim,Verão
Cropped Verão Algodão,2020-12-01,33,10,20,Algodão,Verão
Bermuda Verão Jeans,2020-12-01,20,15,30,Jeans,Verão
Blusa Verão Seda,2020-12-01,26,18,36,Seda,Verão
Calça Verão Cetim,2020-12-01,16,25,50,Cetim,Verão
Calça Verão Tactel,2020-12-01,23,20,40,Tactel,Verão
Camisa Verão Algodão,2020-12-01,18,22,44,Algodão,Verão
Vestido Verão Cetim,2021-01-01,21,30,60,Cetim,Verão
T-shirt Verão Poliéster,2021-01-01,26,8,16,Poliéster,Verão
Short Verão Jeans,2021-01-01,12,16,32,Jeans,Verão
Saia Verão Viscose,2021-01-01,41,12,24,Viscose,Verão
Cropped Verão Algodão,2021-01-01,10,10,20,Algodão,Verão
Camisa Verão Algodão,2021-01-01,8,22,44,Algodão,Verão
Blusa Verão Seda,2021-01-01,31,18,36,Seda,Verão
Bermuda Verão Jeans,2021-01-01,28,15,30,Jeans,Verão
Calça Verão Cetim,2021-01-01,26,25,50,Cetim,Verão
Calça Verão Tactel,2021-01-01,26,20,40,Tactel,Verão
T-shirt Verão Poliéster,2021-02-01,20,8,16,Poliéster,Verão
Short Verão Jeans,2021-02-01,11,16,32,Jeans,Verão
Saia Verão Viscose,2021-02-01,21,12,24,Viscose,Verão
Cropped Verão Algodão,2021-02-01,13,10,20,Algodão,Verão
Vestido Verão Cetim,2021-02-01,30,30,60,Cetim,Verão
Blusa Verão Seda,2021-02-01,19,18,36,Seda,Verão
Bermuda Verão Jeans,2021-02-01,12,15,30,Jeans,Verão
Calça Verão Cetim,2021-02-01,17,25,50,Cetim,Verão
Calça Verão Tactel,2021-02-01,24,20,40,Tactel,Verão
Camisa Verão Algodão,2021-02-01,14,22,44,Algodão,Verão
T-shirt Verão Poliéster,2021-11-01,12,8,16,Poliéster,Verão
Short Verão Jeans,2021-11-01,23,16,32,Jeans,Verão
Saia Verão Viscose,2021-11-01,23,12,24,Viscose,Verão
Cropped Verão Algodão,2021-11-01,15,10,20,Algodão,Verão
Vestido Verão Cetim,2021-11-01,15,30,60,Cetim,Verão
Blusa Verão Seda,2021-11-01,23,18,36,Seda,Verão
Bermuda Verão Jeans,2021-11-01,6,15,30,Jeans,Verão
Calça Verão Cetim,2021-11-01,6,25,50,Cetim,Verão
Calça Verão Tactel,2021-11-01,13,20,40,Tactel,Verão
Camisa Verão Algodão,2021-11-01,18,22,44,Algodão,Verão
Vestido Verão Cetim,2021-12-01,23,30,60,Cetim,Verão
T-shirt Verão Poliéster,2021-12-01,35,8,16,Poliéster,Verão
Short Verão Jeans,2021-12-01,29,16,32,Jeans,Verão
Saia Verão Viscose,2021-12-01,19,12,24,Viscose,Verão
Cropped Verão Algodão,2021-12-01,20,10,20,Algodão,Verão
Camisa Verão Algodão,2021-12-01,10,22,44,Algodão,Verão
Bermuda Verão Jeans,2021-12-01,20,15,30,Jeans,Verão
Calça Verão Cetim,2021-12-01,18,25,50,Cetim,Verão
Calça Verão Tactel,2021-12-01,24,20,40,Tactel,Verão
Blusa Verão Seda,2021-12-01,12,18,36,Seda,Verão
Saia Verão Viscose,2022-01-01,26,12,24,Viscose,Verão
T-shirt Verão Poliéster,2022-01-01,36,8,16,Poliéster,Verão
Vestido Verão Cetim,2022-01-01,20,30,60,Cetim,Verão
Cropped Verão Algodão,2022-01-01,25,10,20,Algodão,Verão
Short Verão Jeans,2022-01-01,28,16,32,Jeans,Verão
Blusa Verão Seda,2022-01-01,17,18,36,Seda,Verão
Bermuda Verão Jeans,2022-01-01,23,15,30,Jeans,Verão
Calça Verão Cetim,2022-01-01,21,25,50,Cetim,Verão
Calça Verão Tactel,2022-01-01,22,20,40,Tactel,Verão
Camisa Verão Algodão,2022-01-01,13,22,44,Algodão,Verão
T-shirt Verão Poliéster,2022-02-01,21,8,16,Poliéster,Verão
Short Verão Jeans,2022-02-01,26,16,32,Jeans,Verão
Saia Verão Viscose,2022-02-01,35,12,24,Viscose,Verão
Cropped Verão Algodão,2022-02-01,30,10,20,Algodão,Verão
Vestido Verão Cetim,2022-02-01,42,30,60,Cetim,Verão
Blusa Verão Seda,2022-02-01,13,18,36,Seda,Verão
Bermuda Verão Jeans,2022-02-01,30,15,30,Jeans,Verão
Calça Verão Cetim,2022-02-01,23,25,50,Cetim,Verão
Calça Verão Tactel,2022-02-01,43,20,40,Tactel,Verão
Camisa Verão Algodão,2022-02-01,13,22,44,Algodão,Verão
Vestido Verão Cetim,2022-11-01,13,30,60,Cetim,Verão
T-shirt Verão Poliéster,2022-11-01,15,8,16,Poliéster,Verão
Short Verão Jeans,2022-11-01,0,16,32,Jeans,Verão
Saia Verão Viscose,2022-11-01,16,12,24,Viscose,Verão
Cropped Verão Algodão,2022-11-01,14,10,20,Algodão,Verão
Camisa Verão Algodão,2022-11-01,23,22,44,Algodão,Verão
Bermuda Verão Jeans,2022-11-01,25,15,30,Jeans,Verão
Calça Verão Cetim,2022-11-01,40,25,50,Cetim,Verão
Calça Verão Tactel,2022-11-01,31,20,40,Tactel,Verão
Blusa Verão Seda,2022-11-01,16,18,36,Seda,Verão
Saia Verão Viscose,2022-12-01,12,12,24,Viscose,Verão
T-shirt Verão Poliéster,2022-12-01,26,8,16,Poliéster,Verão
Short Verão Jeans,2022-12-01,8,16,32,Jeans,Verão
Vestido Verão Cetim,2022-12-01,40,30,60,Cetim,Verão
Cropped Verão Algodão,2022-12-01,33,10,20,Algodão,Verão
Bermuda Verão Jeans,2022-12-01,17,15,30,Jeans,Verão
Blusa Verão Seda,2022-12-01,4,18,36,Seda,Verão
Calça Verão Cetim,2022-12-01,35,25,50,Cetim,Verão
Calça Verão Tactel,2022-12-01,20,20,40,Tactel,Verão
Camisa Verão Algodão,2022-12-01,34,22,44,Algodão,Verão
Vestido Verão Cetim,2023-01-01,6,30,60,Cetim,Verão
T-shirt Verão Poliéster,2023-01-01,16,8,16,Poliéster,Verão
Saia Verão Viscose,2023-01-01,22,12,24,Viscose,Verão
Cropped Verão Algodão,2023-01-01,22,10,20,Algodão,Verão
Short Verão Jeans,2023-01-01,17,16,32,Jeans,Verão
Blusa Verão Seda,2023-01-01,28,18,36,Seda,Verão
Bermuda Verão Jeans,2023-01-01,11,15,30,Jeans,Verão
Calça Verão Cetim,2023-01-01,20,25,50,Cetim,Verão
Calça Verão Tactel,2023-01-01,23,20,40,Tactel,Verão
Camisa Verão Algodão,2023-01-01,27,22,44,Algodão,Verão
T-shirt Verão Poliéster,2023-02-01,29,8,16,Poliéster,Verão
Calça Verão Tactel,2023-02-01,11,20,40,Tactel,Verão
Calça Verão Cetim,2023-02-01,6,25,50,Cetim,Verão
Bermuda Verão Jeans,2023-02-01,35,15,30,Jeans,Verão
Blusa Verão Seda,2023-02-01,25,18,36,Seda,Verão
Camisa Verão Algodão,2023-02-01,14,22,44,Algodão,Verão
Cropped Verão Algodão,2023-02-01,37,10,20,Algodão,Verão
Saia Verão Viscose,2023-02-01,23,12,24,Viscose,Verão
Short Verão Jeans,2023-02-01,34,16,32,Jeans,Verão
Vestido Verão Cetim,2023-02-01,23,30,60,Cetim,Verão
Calça Outono Sarja,2013-03-01,15,22,44,Sarja,Outono
Calça Outono Algodão,2013-03-01,10,20,40,Algodão,Outono
Bermuda Outono Jeans,2013-03-01,17,18,36,Jeans,Outono
Blusa Outono Tricô,2013-03-01,25,16,32,Tricô,Outono
Camisa Outono Lã,2013-03-01,9,24,48,Lã,Outono
Cropped Outono Viscose,2013-03-01,9,12,24,Viscose,Outono
Saia Outono Couro,2013-03-01,25,14,28,Couro,Outono
Short Outono Sarja,2013-03-01,18,18,36,Sarja,Outono
T-shirt Outono Algodão,2013-03-01,7,10,20,Algodão,Outono
Vestido Outono Lã,2013-03-01,16,28,56,Lã,Outono
Vestido Outono Lã,2013-04-01,7,28,56,Lã,Outono
T-shirt Outono Algodão,2013-04-01,7,10,20,Algodão,Outono
Short Outono Sarja,2013-04-01,13,18,36,Sarja,Outono
Saia Outono Couro,2013-04-01,0,14,28,Couro,Outono
Cropped Outono Viscose,2013-04-01,0,12,24,Viscose,Outono
Calça Outono Algodão,2013-04-01,6,20,40,Algodão,Outono
Blusa Outono Tricô,2013-04-01,2,16,32,Tricô,Outono
Bermuda Outono Jeans,2013-04-01,14,18,36,Jeans,Outono
Calça Outono Sarja,2013-04-01,3,22,44,Sarja,Outono
Camisa Outono Lã,2013-04-01,0,24,48,Lã,Outono
Saia Outono Couro,2014-03-01,25,14,28,Couro,Outono
Vestido Outono Lã,2014-03-01,10,28,56,Lã,Outono
T-shirt Outono Algodão,2014-03-01,12,10,20,Algodão,Outono
Cropped Outono Viscose,2014-03-01,0,12,24,Viscose,Outono
Short Outono Sarja,2014-03-01,7,18,36,Sarja,Outono
Blusa Outono Tricô,2014-03-01,13,16,32,Tricô,Outono
Bermuda Outono Jeans,2014-03-01,2,18,36,Jeans,Outono
Camisa Outono Lã,2014-03-01,15,24,48,Lã,Outono
Calça Outono Algodão,2014-03-01,7,20,40,Algodão,Outono
Calça Outono Sarja,2014-03-01,9,22,44,Sarja,Outono
T-shirt Outono Algodão,2014-04-01,7,10,20,Algodão,Outono
Short Outono Sarja,2014-04-01,29,18,36,Sarja,Outono
Saia Outono Couro,2014-04-01,12,14,28,Couro,Outono
Cropped Outono Viscose,2014-04-01,3,12,24,Viscose,Outono
Vestido Outono Lã,2014-04-01,20,28,56,Lã,Outono
Blusa Outono Tricô,2014-04-01,1,16,32,Tricô,Outono
Bermuda Outono Jeans,2014-04-01,14,18,36,Jeans,Outono
Calça Outono Algodão,2014-04-01,0,20,40,Algodão,Outono
Calça Outono Sarja,2014-04-01,0,22,44,Sarja,Outono
Camisa Outono Lã,2014-04-01,14,24,48,Lã,Outono
Vestido Outono Lã,2015-03-01,19,28,56,Lã,Outono
T-shirt Outono Algodão,2015-03-01,14,10,20,Algodão,Outono
Short Outono Sarja,2015-03-01,11,18,36,Sarja,Outono
Saia Outono Couro,2015-03-01,10,14,28,Couro,Outono
Cropped Outono Viscose,2015-03-01,0,12,24,Viscose,Outono
Camisa Outono Lã,2015-03-01,6,24,48,Lã,Outono
Bermuda Outono Jeans,2015-03-01,9,18,36,Jeans,Outono
Calça Outono Algodão,2015-03-01,22,20,40,Algodão,Outono
Calça Outono Sarja,2015-03-01,16,22,44,Sarja,Outono
Blusa Outono Tricô,2015-03-01,0,16,32,Tricô,Outono
Saia Outono Couro,2015-04-01,16,14,28,Couro,Outono
Vestido Outono Lã,2015-04-01,9,28,56,Lã,Outono
T-shirt Outono Algodão,2015-04-01,7,10,20,Algodão,Outono
Short Outono Sarja,2015-04-01,18,18,36,Sarja,Outono
Cropped Outono Viscose,2015-04-01,22,12,24,Viscose,Outono
Calça Outono Algodão,2015-04-01,21,20,40,Algodão,Outono
Blusa Outono Tricô,2015-04-01,6,16,32,Tricô,Outono
Bermuda Outono Jeans,2015-04-01,10,18,36,Jeans,Outono
Camisa Outono Lã,2015-04-01,16,24,48,Lã,Outono
Calça Outono Sarja,2015-04-01,22,22,44,Sarja,Outono
Vestido Outono Lã,2016-03-01,9,28,56,Lã,Outono
T-shirt Outono Algodão,2016-03-01,12,10,20,Algodão,Outono
Short Outono Sarja,2016-03-01,3,18,36,Sarja,Outono
Saia Outono Couro,2016-03-01,3,14,28,Couro,Outono
Cropped Outono Viscose,2016-03-01,21,12,24,Viscose,Outono
Camisa Outono Lã,2016-03-01,26,24,48,Lã,Outono
Blusa Outono Tricô,2016-03-01,13,16,32,Tricô,Outono
Bermuda Outono Jeans,2016-03-01,23,18,36,Jeans,Outono
Calça Outono Algodão,2016-03-01,17,20,40,Algodão,Outono
Calça Outono Sarja,2016-03-01,8,22,44,Sarja,Outono
T-shirt Outono Algodão,2016-04-01,17,10,20,Algodão,Outono
Short Outono Sarja,2016-04-01,28,18,36,Sarja,Outono
Saia Outono Couro,2016-04-01,13,14,28,Couro,Outono
Cropped Outono Viscose,2016-04-01,28,12,24,Viscose,Outono
Vestido Outono Lã,2016-04-01,0,28,56,Lã,Outono
Blusa Outono Tricô,2016-04-01,21,16,32,Tricô,Outono
Bermuda Outono Jeans,2016-04-01,15,18,36,Jeans,Outono
Calça Outono Algodão,2016-04-01,11,20,40,Algodão,Outono
Calça Outono Sarja,2016-04-01,15,22,44,Sarja,Outono
Camisa Outono Lã,2016-04-01,0,24,48,Lã,Outono
T-shirt Outono Algodão,2017-03-01,12,10,20,Algodão,Outono
Short Outono Sarja,2017-03-01,17,18,36,Sarja,Outono
Saia Outono Couro,2017-03-01,27,14,28,Couro,Outono
Cropped Outono Viscose,2017-03-01,10,12,24,Viscose,Outono
Vestido Outono Lã,2017-03-01,7,28,56,Lã,Outono
Blusa Outono Tricô,2017-03-01,10,16,32,Tricô,Outono
Bermuda Outono Jeans,2017-03-01,23,18,36,Jeans,Outono
Calça Outono Algodão,2017-03-01,17,20,40,Algodão,Outono
Calça Outono Sarja,2017-03-01,10,22,44,Sarja,Outono
Camisa Outono Lã,2017-03-01,19,24,48,Lã,Outono
Vestido Outono Lã,2017-04-01,15,28,56,Lã,Outono
T-shirt Outono Algodão,2017-04-01,23,10,20,Algodão,Outono
Short Outono Sarja,2017-04-01,8,18,36,Sarja,Outono
Saia Outono Couro,2017-04-01,12,14,28,Couro,Outono
Cropped Outono Viscose,2017-04-01,11,12,24,Viscose,Outono
Camisa Outono Lã,2017-04-01,2,24,48,Lã,Outono
Bermuda Outono Jeans,2017-04-01,17,18,36,Jeans,Outono
Calça Outono Algodão,2017-04-01,17,20,40,Algodão,Outono
Calça Outono Sarja,2017-04-01,15,22,44,Sarja,Outono
Blusa Outono Tricô,2017-04-01,13,16,32,Tricô,Outono
Saia Outono Couro,2018-03-01,2,14,28,Couro,Outono
T-shirt Outono Algodão,2018-03-01,11,10,20,Algodão,Outono
Short Outono Sarja,2018-03-01,12,18,36,Sarja,Outono
Cropped Outono Viscose,2018-03-01,8,12,24,Viscose,Outono
Vestido Outono Lã,2018-03-01,14,28,56,Lã,Outono
Blusa Outono Tricô,2018-03-01,19,16,32,Tricô,Outono
Bermuda Outono Jeans,2018-03-01,32,18,36,Jeans,Outono
Calça Outono Algodão,2018-03-01,17,20,40,Algodão,Outono
Calça Outono Sarja,2018-03-01,18,22,44,Sarja,Outono
Camisa Outono Lã,2018-03-01,15,24,48,Lã,Outono
T-shirt Outono Algodão,2018-04-01,0,10,20,Algodão,Outono
Short Outono Sarja,2018-04-01,15,18,36,Sarja,Outono
Saia Outono Couro,2018-04-01,16,14,28,Couro,Outono
Cropped Outono Viscose,2018-04-01,38,12,24,Viscose,Outono
Vestido Outono Lã,2018-04-01,14,28,56,Lã,Outono
Blusa Outono Tricô,2018-04-01,18,16,32,Tricô,Outono
Bermuda Outono Jeans,2018-04-01,15,18,36,Jeans,Outono
Calça Outono Algodão,2018-04-01,5,20,40,Algodão,Outono
Calça Outono Sarja,2018-04-01,26,22,44,Sarja,Outono
Camisa Outono Lã,2018-04-01,22,24,48,Lã,Outono
Vestido Outono Lã,2019-03-01,23,28,56,Lã,Outono
T-shirt Outono Algodão,2019-03-01,8,10,20,Algodão,Outono
Short Outono Sarja,2019-03-01,28,18,36,Sarja,Outono
Saia Outono Couro,2019-03-01,3,14,28,Couro,Outono
Cropped Outono Viscose,2019-03-01,21,12,24,Viscose,Outono
Camisa Outono Lã,2019-03-01,36,24,48,Lã,Outono
Bermuda Outono Jeans,2019-03-01,7,18,36,Jeans,Outono
Calça Outono Algodão,2019-03-01,11,20,40,Algodão,Outono
Calça Outono Sarja,2019-03-01,17,22,44,Sarja,Outono
Blusa Outono Tricô,2019-03-01,12,16,32,Tricô,Outono
Saia Outono Couro,2019-04-01,2,14,28,Couro,Outono
Vestido Outono Lã,2019-04-01,17,28,56,Lã,Outono
T-shirt Outono Algodão,2019-04-01,7,10,20,Algodão,Outono
Short Outono Sarja,2019-04-01,21,18,36,Sarja,Outono
Cropped Outono Viscose,2019-04-01,8,12,24,Viscose,Outono
Camisa Outono Lã,2019-04-01,30,24,48,Lã,Outono
Blusa Outono Tricô,2019-04-01,9,16,32,Tricô,Outono
Bermuda Outono Jeans,2019-04-01,14,18,36,Jeans,Outono
Calça Outono Algodão,2019-04-01,24,20,40,Algodão,Outono
Calça Outono Sarja,2019-04-01,5,22,44,Sarja,Outono
Vestido Outono Lã,2020-03-01,19,28,56,Lã,Outono
T-shirt Outono Algodão,2020-03-01,28,10,20,Algodão,Outono
Short Outono Sarja,2020-03-01,2,18,36,Sarja,Outono
Saia Outono Couro,2020-03-01,18,14,28,Couro,Outono
Cropped Outono Viscose,2020-03-01,19,12,24,Viscose,Outono
Blusa Outono Tricô,2020-03-01,24,16,32,Tricô,Outono
Bermuda Outono Jeans,2020-03-01,6,18,36,Jeans,Outono
Calça Outono Algodão,2020-03-01,5,20,40,Algodão,Outono
Calça Outono Sarja,2020-03-01,22,22,44,Sarja,Outono
Camisa Outono Lã,2020-03-01,20,24,48,Lã,Outono
Saia Outono Couro,2020-04-01,19,14,28,Couro,Outono
Vestido Outono Lã,2020-04-01,20,28,56,Lã,Outono
T-shirt Outono Algodão,2020-04-01,11,10,20,Algodão,Outono
Short Outono Sarja,2020-04-01,19,18,36,Sarja,Outono
Cropped Outono Viscose,2020-04-01,20,12,24,Viscose,Outono
Calça Outono Sarja,2020-04-01,11,22,44,Sarja,Outono
Blusa Outono Tricô,2020-04-01,34,16,32,Tricô,Outono
Bermuda Outono Jeans,2020-04-01,22,18,36,Jeans,Outono
Calça Outono Algodão,2020-04-01,7,20,40,Algodão,Outono
Camisa Outono Lã,2020-04-01,23,24,48,Lã,Outono
Saia Outono Couro,2021-03-01,9,14,28,Couro,Outono
T-shirt Outono Algodão,2021-03-01,25,10,20,Algodão,Outono
Short Outono Sarja,2021-03-01,28,18,36,Sarja,Outono
Vestido Outono Lã,2021-03-01,10,28,56,Lã,Outono
Cropped Outono Viscose,2021-03-01,26,12,24,Viscose,Outono
Bermuda Outono Jeans,2021-03-01,21,18,36,Jeans,Outono
Blusa Outono Tricô,2021-03-01,25,16,32,Tricô,Outono
Calça Outono Algodão,2021-03-01,35,20,40,Algodão,Outono
Calça Outono Sarja,2021-03-01,15,22,44,Sarja,Outono
Camisa Outono Lã,2021-03-01,11,24,48,Lã,Outono
Vestido Outono Lã,2021-04-01,10,28,56,Lã,Outono
T-shirt Outono Algodão,2021-04-01,10,10,20,Algodão,Outono
Short Outono Sarja,2021-04-01,17,18,36,Sarja,Outono
Saia Outono Couro,2021-04-01,21,14,28,Couro,Outono
Cropped Outono Viscose,2021-04-01,20,12,24,Viscose,Outono
Blusa Outono Tricô,2021-04-01,25,16,32,Tricô,Outono
Bermuda Outono Jeans,2021-04-01,18,18,36,Jeans,Outono
Calça Outono Algodão,2021-04-01,31,20,40,Algodão,Outono
Calça Outono Sarja,2021-04-01,16,22,44,Sarja,Outono
Camisa Outono Lã,2021-04-01,43,24,48,Lã,Outono
Saia Outono Couro,2022-03-01,24,14,28,Couro,Outono
Vestido Outono Lã,2022-03-01,11,28,56,Lã,Outono
T-shirt Outono Algodão,2022-03-01,9,10,20,Algodão,Outono
Short Outono Sarja,2022-03-01,23,18,36,Sarja,Outono
Cropped Outono Viscose,2022-03-01,16,12,24,Viscose,Outono
Calça Outono Sarja,2022-03-01,25,22,44,Sarja,Outono
Blusa Outono Tricô,2022-03-01,23,16,32,Tricô,Outono
Bermuda Outono Jeans,2022-03-01,18,18,36,Jeans,Outono
Calça Outono Algodão,2022-03-01,11,20,40,Algodão,Outono
Camisa Outono Lã,2022-03-01,5,24,48,Lã,Outono
Saia Outono Couro,2022-04-01,15,14,28,Couro,Outono
T-shirt Outono Algodão,2022-04-01,26,10,20,Algodão,Outono
Short Outono Sarja,2022-04-01,21,18,36,Sarja,Outono
Vestido Outono Lã,2022-04-01,8,28,56,Lã,Outono
Cropped Outono Viscose,2022-04-01,20,12,24,Viscose,Outono
Bermuda Outono Jeans,2022-04-01,22,18,36,Jeans,Outono
Blusa Outono Tricô,2022-04-01,11,16,32,Tricô,Outono
Calça Outono Algodão,2022-04-01,20,20,40,Algodão,Outono
Calça Outono Sarja,2022-04-01,19,22,44,Sarja,Outono
Camisa Outono Lã,2022-04-01,9,24,48,Lã,Outono
Vestido Outono Lã,2023-03-01,22,28,56,Lã,Outono
T-shirt Outono Algodão,2023-03-01,24,10,20,Algodão,Outono
Saia Outono Couro,2023-03-01,29,14,28,Couro,Outono
Cropped Outono Viscose,2023-03-01,29,12,24,Viscose,Outono
Short Outono Sarja,2023-03-01,7,18,36,Sarja,Outono
Blusa Outono Tricô,2023-03-01,11,16,32,Tricô,Outono
Bermuda Outono Jeans,2023-03-01,24,18,36,Jeans,Outono
Calça Outono Algodão,2023-03-01,24,20,40,Algodão,Outono
Calça Outono Sarja,2023-03-01,24,22,44,Sarja,Outono
Camisa Outono Lã,2023-03-01,54,24,48,Lã,Outono
T-shirt Outono Algodão,2023-04-01,25,10,20,Algodão,Outono
Calça Outono Sarja,2023-04-01,30,22,44,Sarja,Outono
Calça Outono Algodão,2023-04-01,28,20,40,Algodão,Outono
Bermuda Outono Jeans,2023-04-01,25,18,36,Jeans,Outono
Blusa Outono Tricô,2023-04-01,17,16,32,Tricô,Outono
Camisa Outono Lã,2023-04-01,26,24,48,Lã,Outono
Cropped Outono Viscose,2023-04-01,13,12,24,Viscose,Outono
Saia Outono Couro,2023-04-01,18,14,28,Couro,Outono
Short Outono Sarja,2023-04-01,15,18,36,Sarja,Outono
Vestido Outono Lã,2023-04-01,21,28,56,Lã,Outono
Calça Inverno Lã,2013-05-01,15,30,60,Lã,Inverno
Calça Inverno Malha,2013-05-01,10,28,56,Malha,Inverno
Bermuda Inverno Moletom,2013-05-01,17,20,40,Moletom,Inverno
Blusa Inverno Lã,2013-05-01,25,26,52,Lã,Inverno
Camisa Inverno Flanela,2013-05-01,9,24,48,Flanela,Inverno
Cropped Inverno Algodão,2013-05-01,9,14,28,Algodão,Inverno
Saia Inverno Lã,2013-05-01,25,22,44,Lã,Inverno
Short Inverno Moletom,2013-05-01,18,18,36,Moletom,Inverno
T-shirt Inverno Algodão,2013-05-01,7,12,24,Algodão,Inverno
Vestido Inverno Lã,2013-05-01,16,32,64,Lã,Inverno
Vestido Inverno Lã,2013-06-01,7,32,64,Lã,Inverno
T-shirt Inverno Algodão,2013-06-01,7,12,24,Algodão,Inverno
Short Inverno Moletom,2013-06-01,13,18,36,Moletom,Inverno
Saia Inverno Lã,2013-06-01,0,22,44,Lã,Inverno
Cropped Inverno Algodão,2013-06-01,0,14,28,Algodão,Inverno
Bermuda Inverno Moletom,2013-06-01,6,20,40,Moletom,Inverno
Blusa Inverno Lã,2013-06-01,2,26,52,Lã,Inverno
Calça Inverno Malha,2013-06-01,14,28,56,Malha,Inverno
Calça Inverno Lã,2013-06-01,3,30,60,Lã,Inverno
Camisa Inverno Flanela,2013-06-01,0,24,48,Flanela,Inverno
Saia Inverno Lã,2013-07-01,25,22,44,Lã,Inverno
Vestido Inverno Lã,2013-07-01,9,32,64,Lã,Inverno
T-shirt Inverno Algodão,2013-07-01,12,12,24,Algodão,Inverno
Short Inverno Moletom,2013-07-01,0,18,36,Moletom,Inverno
Cropped Inverno Algodão,2013-07-01,7,14,28,Algodão,Inverno
Bermuda Inverno Moletom,2013-07-01,12,20,40,Moletom,Inverno
Blusa Inverno Lã,2013-07-01,1,26,52,Lã,Inverno
Calça Inverno Malha,2013-07-01,15,28,56,Malha,Inverno
Calça Inverno Lã,2013-07-01,6,30,60,Lã,Inverno
Camisa Inverno Flanela,2013-07-01,9,24,48,Flanela,Inverno
Vestido Inverno Lã,2014-05-01,6,32,64,Lã,Inverno
T-shirt Inverno Algodão,2014-05-01,28,12,24,Algodão,Inverno
Short Inverno Moletom,2014-05-01,12,18,36,Moletom,Inverno
Saia Inverno Lã,2014-05-01,2,22,44,Lã,Inverno
Cropped Inverno Algodão,2014-05-01,19,14,28,Algodão,Inverno
Blusa Inverno Lã,2014-05-01,1,26,52,Lã,Inverno
Bermuda Inverno Moletom,2014-05-01,14,20,40,Moletom,Inverno
Calça Inverno Malha,2014-05-01,0,28,56,Malha,Inverno
Calça Inverno Lã,2014-05-01,0,30,60,Lã,Inverno
Camisa Inverno Flanela,2014-05-01,14,24,48,Flanela,Inverno
Saia Inverno Lã,2014-06-01,19,22,44,Lã,Inverno
Vestido Inverno Lã,2014-06-01,13,32,64,Lã,Inverno
T-shirt Inverno Algodão,2014-06-01,11,12,24,Algodão,Inverno
Short Inverno Moletom,2014-06-01,9,18,36,Moletom,Inverno
Cropped Inverno Algodão,2014-06-01,0,14,28,Algodão,Inverno
Bermuda Inverno Moletom,2014-06-01,6,20,40,Moletom,Inverno
Blusa Inverno Lã,2014-06-01,8,26,52,Lã,Inverno
Calça Inverno Lã,2014-06-01,22,30,60,Lã,Inverno
Camisa Inverno Flanela,2014-06-01,15,24,48,Flanela,Inverno
Calça Inverno Malha,2014-06-01,0,28,56,Malha,Inverno
Calça Inverno Lã,2014-07-01,15,30,60,Lã,Inverno
Calça Inverno Malha,2014-07-01,9,28,56,Malha,Inverno
Bermuda Inverno Moletom,2014-07-01,6,20,40,Moletom,Inverno
Blusa Inverno Lã,2014-07-01,18,26,52,Lã,Inverno
Cropped Inverno Algodão,2014-07-01,22,14,28,Algodão,Inverno
Saia Inverno Lã,2014-07-01,21,22,44,Lã,Inverno
Short Inverno Moletom,2014-07-01,5,18,36,Moletom,Inverno
T-shirt Inverno Algodão,2014-07-01,10,12,24,Algodão,Inverno
Vestido Inverno Lã,2014-07-01,15,32,64,Lã,Inverno
Camisa Inverno Flanela,2014-07-01,21,24,48,Flanela,Inverno
Vestido Inverno Lã,2015-05-01,8,32,64,Lã,Inverno
Saia Inverno Lã,2015-05-01,11,22,44,Lã,Inverno
T-shirt Inverno Algodão,2015-05-01,3,12,24,Algodão,Inverno
Short Inverno Moletom,2015-05-01,2,18,36,Moletom,Inverno
Cropped Inverno Algodão,2015-05-01,20,14,28,Algodão,Inverno
Blusa Inverno Lã,2015-05-01,25,26,52,Lã,Inverno
Bermuda Inverno Moletom,2015-05-01,12,20,40,Moletom,Inverno
Calça Inverno Malha,2015-05-01,22,28,56,Malha,Inverno
Calça Inverno Lã,2015-05-01,16,30,60,Lã,Inverno
Camisa Inverno Flanela,2015-05-01,7,24,48,Flanela,Inverno
Vestido Inverno Lã,2015-06-01,16,32,64,Lã,Inverno
T-shirt Inverno Algodão,2015-06-01,27,12,24,Algodão,Inverno
Short Inverno Moletom,2015-06-01,12,18,36,Moletom,Inverno
Saia Inverno Lã,2015-06-01,27,22,44,Lã,Inverno
Cropped Inverno Algodão,2015-06-01,0,14,28,Algodão,Inverno
Camisa Inverno Flanela,2015-06-01,20,24,48,Flanela,Inverno
Bermuda Inverno Moletom,2015-06-01,14,20,40,Moletom,Inverno
Calça Inverno Malha,2015-06-01,10,28,56,Malha,Inverno
Calça Inverno Lã,2015-06-01,14,30,60,Lã,Inverno
Blusa Inverno Lã,2015-06-01,0,26,52,Lã,Inverno
Saia Inverno Lã,2015-07-01,11,22,44,Lã,Inverno
Vestido Inverno Lã,2015-07-01,16,32,64,Lã,Inverno
T-shirt Inverno Algodão,2015-07-01,26,12,24,Algodão,Inverno
Short Inverno Moletom,2015-07-01,8,18,36,Moletom,Inverno
Cropped Inverno Algodão,2015-07-01,6,14,28,Algodão,Inverno
Bermuda Inverno Moletom,2015-07-01,9,20,40,Moletom,Inverno
Blusa Inverno Lã,2015-07-01,21,26,52,Lã,Inverno
Calça Inverno Lã,2015-07-01,16,30,60,Lã,Inverno
Camisa Inverno Flanela,2015-07-01,8,24,48,Flanela,Inverno
Calça Inverno Malha,2015-07-01,18,28,56,Malha,Inverno
Calça Inverno Lã,2016-05-01,14,30,60,Lã,Inverno
Calça Inverno Malha,2016-05-01,22,28,56,Malha,Inverno
Bermuda Inverno Moletom,2016-05-01,7,20,40,Moletom,Inverno
Blusa Inverno Lã,2016-05-01,10,26,52,Lã,Inverno
Camisa Inverno Flanela,2016-05-01,10,24,48,Flanela,Inverno
Cropped Inverno Algodão,2016-05-01,0,14,28,Algodão,Inverno
Saia Inverno Lã,2016-05-01,16,22,44,Lã,Inverno
Short Inverno Moletom,2016-05-01,16,18,36,Moletom,Inverno
T-shirt Inverno Algodão,2016-05-01,14,12,24,Algodão,Inverno
Vestido Inverno Lã,2016-05-01,11,32,64,Lã,Inverno
Saia Inverno Lã,2016-06-01,1,22,44,Lã,Inverno
Vestido Inverno Lã,2016-06-01,10,32,64,Lã,Inverno
T-shirt Inverno Algodão,2016-06-01,11,12,24,Algodão,Inverno
Short Inverno Moletom,2016-06-01,6,18,36,Moletom,Inverno
Cropped Inverno Algodão,2016-06-01,12,14,28,Algodão,Inverno
Camisa Inverno Flanela,2016-06-01,17,24,48,Flanela,Inverno
Blusa Inverno Lã,2016-06-01,31,26,52,Lã,Inverno
Bermuda Inverno Moletom,2016-06-01,15,20,40,Moletom,Inverno
Calça Inverno Malha,2016-06-01,16,28,56,Malha,Inverno
Calça Inverno Lã,2016-06-01,13,30,60,Lã,Inverno
Vestido Inverno Lã,2016-07-01,0,32,64,Lã,Inverno
T-shirt Inverno Algodão,2016-07-01,14,12,24,Algodão,Inverno
Short Inverno Moletom,2016-07-01,14,18,36,Moletom,Inverno
Saia Inverno Lã,2016-07-01,36,22,44,Lã,Inverno
Cropped Inverno Algodão,2016-07-01,12,14,28,Algodão,Inverno
Camisa Inverno Flanela,2016-07-01,17,24,48,Flanela,Inverno
Blusa Inverno Lã,2016-07-01,14,26,52,Lã,Inverno
Bermuda Inverno Moletom,2016-07-01,3,20,40,Moletom,Inverno
Calça Inverno Malha,2016-07-01,24,28,56,Malha,Inverno
Calça Inverno Lã,2016-07-01,21,30,60,Lã,Inverno
T-shirt Inverno Algodão,2017-05-01,21,12,24,Algodão,Inverno
Short Inverno Moletom,2017-05-01,6,18,36,Moletom,Inverno
Saia Inverno Lã,2017-05-01,27,22,44,Lã,Inverno
Vestido Inverno Lã,2017-05-01,2,32,64,Lã,Inverno
Cropped Inverno Algodão,2017-05-01,19,14,28,Algodão,Inverno
Blusa Inverno Lã,2017-05-01,34,26,52,Lã,Inverno
Calça Inverno Lã,2017-05-01,5,30,60,Lã,Inverno
Camisa Inverno Flanela,2017-05-01,9,24,48,Flanela,Inverno
Bermuda Inverno Moletom,2017-05-01,15,20,40,Moletom,Inverno
Calça Inverno Malha,2017-05-01,10,28,56,Malha,Inverno
Vestido Inverno Lã,2017-06-01,0,32,64,Lã,Inverno
T-shirt Inverno Algodão,2017-06-01,15,12,24,Algodão,Inverno
Short Inverno Moletom,2017-06-01,5,18,36,Moletom,Inverno
Cropped Inverno Algodão,2017-06-01,19,14,28,Algodão,Inverno
Saia Inverno Lã,2017-06-01,6,22,44,Lã,Inverno
Blusa Inverno Lã,2017-06-01,28,26,52,Lã,Inverno
Bermuda Inverno Moletom,2017-06-01,7,20,40,Moletom,Inverno
Calça Inverno Malha,2017-06-01,12,28,56,Malha,Inverno
Calça Inverno Lã,2017-06-01,22,30,60,Lã,Inverno
Camisa Inverno Flanela,2017-06-01,4,24,48,Flanela,Inverno
Vestido Inverno Lã,2017-07-01,17,32,64,Lã,Inverno
T-shirt Inverno Algodão,2017-07-01,26,12,24,Algodão,Inverno
Short Inverno Moletom,2017-07-01,0,18,36,Moletom,Inverno
Saia Inverno Lã,2017-07-01,16,22,44,Lã,Inverno
Cropped Inverno Algodão,2017-07-01,17,14,28,Algodão,Inverno
Camisa Inverno Flanela,2017-07-01,22,24,48,Flanela,Inverno
Bermuda Inverno Moletom,2017-07-01,4,20,40,Moletom,Inverno
Calça Inverno Malha,2017-07-01,3,28,56,Malha,Inverno
Calça Inverno Lã,2017-07-01,20,30,60,Lã,Inverno
Blusa Inverno Lã,2017-07-01,18,26,52,Lã,Inverno
Vestido Inverno Lã,2018-05-01,17,32,64,Lã,Inverno
T-shirt Inverno Algodão,2018-05-01,18,12,24,Algodão,Inverno
Short Inverno Moletom,2018-05-01,9,18,36,Moletom,Inverno
Saia Inverno Lã,2018-05-01,17,22,44,Lã,Inverno
Cropped Inverno Algodão,2018-05-01,18,14,28,Algodão,Inverno
Blusa Inverno Lã,2018-05-01,9,26,52,Lã,Inverno
Bermuda Inverno Moletom,2018-05-01,32,20,40,Moletom,Inverno
Calça Inverno Malha,2018-05-01,19,28,56,Malha,Inverno
Calça Inverno Lã,2018-05-01,4,30,60,Lã,Inverno
Camisa Inverno Flanela,2018-05-01,21,24,48,Flanela,Inverno
Saia Inverno Lã,2018-06-01,6,22,44,Lã,Inverno
Vestido Inverno Lã,2018-06-01,22,32,64,Lã,Inverno
T-shirt Inverno Algodão,2018-06-01,26,12,24,Algodão,Inverno
Short Inverno Moletom,2018-06-01,8,18,36,Moletom,Inverno
Cropped Inverno Algodão,2018-06-01,24,14,28,Algodão,Inverno
Camisa Inverno Flanela,2018-06-01,19,24,48,Flanela,Inverno
Blusa Inverno Lã,2018-06-01,23,26,52,Lã,Inverno
Bermuda Inverno Moletom,2018-06-01,32,20,40,Moletom,Inverno
Calça Inverno Malha,2018-06-01,13,28,56,Malha,Inverno
Calça Inverno Lã,2018-06-01,9,30,60,Lã,Inverno
Vestido Inverno Lã,2018-07-01,7,32,64,Lã,Inverno
T-shirt Inverno Algodão,2018-07-01,8,12,24,Algodão,Inverno
Short Inverno Moletom,2018-07-01,15,18,36,Moletom,Inverno
Saia Inverno Lã,2018-07-01,19,22,44,Lã,Inverno
Cropped Inverno Algodão,2018-07-01,18,14,28,Algodão,Inverno
Camisa Inverno Flanela,2018-07-01,23,24,48,Flanela,Inverno
Blusa Inverno Lã,2018-07-01,16,26,52,Lã,Inverno
Bermuda Inverno Moletom,2018-07-01,29,20,40,Moletom,Inverno
Calça Inverno Malha,2018-07-01,13,28,56,Malha,Inverno
Calça Inverno Lã,2018-07-01,40,30,60,Lã,Inverno
Vestido Inverno Lã,2019-05-01,21,32,64,Lã,Inverno
T-shirt Inverno Algodão,2019-05-01,8,12,24,Algodão,Inverno
Short Inverno Moletom,2019-05-01,6,18,36,Moletom,Inverno
Saia Inverno Lã,2019-05-01,20,22,44,Lã,Inverno
Cropped Inverno Algodão,2019-05-01,14,14,28,Algodão,Inverno
Blusa Inverno Lã,2019-05-01,22,26,52,Lã,Inverno
Bermuda Inverno Moletom,2019-05-01,20,20,40,Moletom,Inverno
Calça Inverno Malha,2019-05-01,15,28,56,Malha,Inverno
Calça Inverno Lã,2019-05-01,8,30,60,Lã,Inverno
Camisa Inverno Flanela,2019-05-01,2,24,48,Flanela,Inverno
Camisa Inverno Flanela,2019-06-01,12,24,48,Flanela,Inverno
Calça Inverno Lã,2019-06-01,24,30,60,Lã,Inverno
Calça Inverno Malha,2019-06-01,18,28,56,Malha,Inverno
Bermuda Inverno Moletom,2019-06-01,5,20,40,Moletom,Inverno
Blusa Inverno Lã,2019-06-01,18,26,52,Lã,Inverno
Cropped Inverno Algodão,2019-06-01,20,14,28,Algodão,Inverno
Saia Inverno Lã,2019-06-01,8,22,44,Lã,Inverno
Short Inverno Moletom,2019-06-01,18,18,36,Moletom,Inverno
T-shirt Inverno Algodão,2019-06-01,17,12,24,Algodão,Inverno
Vestido Inverno Lã,2019-06-01,6,32,64,Lã,Inverno
Short Inverno Moletom,2019-07-01,19,18,36,Moletom,Inverno
Saia Inverno Lã,2019-07-01,21,22,44,Lã,Inverno
Vestido Inverno Lã,2019-07-01,26,32,64,Lã,Inverno
T-shirt Inverno Algodão,2019-07-01,26,12,24,Algodão,Inverno
Cropped Inverno Algodão,2019-07-01,4,14,28,Algodão,Inverno
Camisa Inverno Flanela,2019-07-01,8,24,48,Flanela,Inverno
Blusa Inverno Lã,2019-07-01,21,26,52,Lã,Inverno
Bermuda Inverno Moletom,2019-07-01,21,20,40,Moletom,Inverno
Calça Inverno Malha,2019-07-01,21,28,56,Malha,Inverno
Calça Inverno Lã,2019-07-01,51,30,60,Lã,Inverno
Vestido Inverno Lã,2020-05-01,22,32,64,Lã,Inverno
T-shirt Inverno Algodão,2020-05-01,27,12,24,Algodão,Inverno
Short Inverno Moletom,2020-05-01,25,18,36,Moletom,Inverno
Saia Inverno Lã,2020-05-01,22,22,44,Lã,Inverno
Cropped Inverno Algodão,2020-05-01,14,14,28,Algodão,Inverno
Blusa Inverno Lã,2020-05-01,24,26,52,Lã,Inverno
Bermuda Inverno Moletom,2020-05-01,10,20,40,Moletom,Inverno
Calça Inverno Malha,2020-05-01,15,28,56,Malha,Inverno
Calça Inverno Lã,2020-05-01,12,30,60,Lã,Inverno
Camisa Inverno Flanela,2020-05-01,18,24,48,Flanela,Inverno
Saia Inverno Lã,2020-06-01,38,22,44,Lã,Inverno
Vestido Inverno Lã,2020-06-01,0,32,64,Lã,Inverno
T-shirt Inverno Algodão,2020-06-01,23,12,24,Algodão,Inverno
Short Inverno Moletom,2020-06-01,2,18,36,Moletom,Inverno
Cropped Inverno Algodão,2020-06-01,13,14,28,Algodão,Inverno
Camisa Inverno Flanela,2020-06-01,27,24,48,Flanela,Inverno
Blusa Inverno Lã,2020-06-01,18,26,52,Lã,Inverno
Bermuda Inverno Moletom,2020-06-01,7,20,40,Moletom,Inverno
Calça Inverno Malha,2020-06-01,11,28,56,Malha,Inverno
Calça Inverno Lã,2020-06-01,23,30,60,Lã,Inverno
Vestido Inverno Lã,2020-07-01,11,32,64,Lã,Inverno
T-shirt Inverno Algodão,2020-07-01,19,12,24,Algodão,Inverno
Short Inverno Moletom,2020-07-01,18,18,36,Moletom,Inverno
Saia Inverno Lã,2020-07-01,11,22,44,Lã,Inverno
Cropped Inverno Algodão,2020-07-01,36,14,28,Algodão,Inverno
Camisa Inverno Flanela,2020-07-01,23,24,48,Flanela,Inverno
Blusa Inverno Lã,2020-07-01,0,26,52,Lã,Inverno
Bermuda Inverno Moletom,2020-07-01,19,20,40,Moletom,Inverno
Calça Inverno Malha,2020-07-01,11,28,56,Malha,Inverno
Calça Inverno Lã,2020-07-01,25,30,60,Lã,Inverno
Vestido Inverno Lã,2021-05-01,10,32,64,Lã,Inverno
T-shirt Inverno Algodão,2021-05-01,16,12,24,Algodão,Inverno
Saia Inverno Lã,2021-05-01,22,22,44,Lã,Inverno
Cropped Inverno Algodão,2021-05-01,25,14,28,Algodão,Inverno
Short Inverno Moletom,2021-05-01,7,18,36,Moletom,Inverno
Blusa Inverno Lã,2021-05-01,14,26,52,Lã,Inverno
Bermuda Inverno Moletom,2021-05-01,13,20,40,Moletom,Inverno
Camisa Inverno Flanela,2021-05-01,12,24,48,Flanela,Inverno
Calça Inverno Malha,2021-05-01,33,28,56,Malha,Inverno
Calça Inverno Lã,2021-05-01,21,30,60,Lã,Inverno
Vestido Inverno Lã,2021-06-01,6,32,64,Lã,Inverno
T-shirt Inverno Algodão,2021-06-01,26,12,24,Algodão,Inverno
Short Inverno Moletom,2021-06-01,37,18,36,Moletom,Inverno
Saia Inverno Lã,2021-06-01,27,22,44,Lã,Inverno
Cropped Inverno Algodão,2021-06-01,4,14,28,Algodão,Inverno
Camisa Inverno Flanela,2021-06-01,13,24,48,Flanela,Inverno
Blusa Inverno Lã,2021-06-01,29,26,52,Lã,Inverno
Bermuda Inverno Moletom,2021-06-01,11,20,40,Moletom,Inverno
Calça Inverno Malha,2021-06-01,22,28,56,Malha,Inverno
Calça Inverno Lã,2021-06-01,25,30,60,Lã,Inverno
Vestido Inverno Lã,2021-07-01,10,32,64,Lã,Inverno
T-shirt Inverno Algodão,2021-07-01,17,12,24,Algodão,Inverno
Short Inverno Moletom,2021-07-01,0,18,36,Moletom,Inverno
Saia Inverno Lã,2021-07-01,9,22,44,Lã,Inverno
Cropped Inverno Algodão,2021-07-01,16,14,28,Algodão,Inverno
Camisa Inverno Flanela,2021-07-01,7,24,48,Flanela,Inverno
Blusa Inverno Lã,2021-07-01,33,26,52,Lã,Inverno
Bermuda Inverno Moletom,2021-07-01,5,20,40,Moletom,Inverno
Calça Inverno Malha,2021-07-01,14,28,56,Malha,Inverno
Calça Inverno Lã,2021-07-01,19,30,60,Lã,Inverno
Vestido Inverno Lã,2022-05-01,31,32,64,Lã,Inverno
T-shirt Inverno Algodão,2022-05-01,5,12,24,Algodão,Inverno
Short Inverno Moletom,2022-05-01,29,18,36,Moletom,Inverno
Saia Inverno Lã,2022-05-01,18,22,44,Lã,Inverno
Cropped Inverno Algodão,2022-05-01,9,14,28,Algodão,Inverno
Camisa Inverno Flanela,2022-05-01,22,24,48,Flanela,Inverno
Blusa Inverno Lã,2022-05-01,20,26,52,Lã,Inverno
Bermuda Inverno Moletom,2022-05-01,13,20,40,Moletom,Inverno
Calça Inverno Malha,2022-05-01,19,28,56,Malha,Inverno
Calça Inverno Lã,2022-05-01,15,30,60,Lã,Inverno
T-shirt Inverno Algodão,2022-06-01,19,12,24,Algodão,Inverno
Vestido Inverno Lã,2022-06-01,24,32,64,Lã,Inverno
Saia Inverno Lã,2022-06-01,33,22,44,Lã,Inverno
Cropped Inverno Algodão,2022-06-01,7,14,28,Algodão,Inverno
Short Inverno Moletom,2022-06-01,38,18,36,Moletom,Inverno
Blusa Inverno Lã,2022-06-01,1,26,52,Lã,Inverno
Bermuda Inverno Moletom,2022-06-01,17,20,40,Moletom,Inverno
Calça Inverno Malha,2022-06-01,24,28,56,Malha,Inverno
Calça Inverno Lã,2022-06-01,21,30,60,Lã,Inverno
Camisa Inverno Flanela,2022-06-01,13,24,48,Flanela,Inverno
Vestido Inverno Lã,2022-07-01,17,32,64,Lã,Inverno
T-shirt Inverno Algodão,2022-07-01,14,12,24,Algodão,Inverno
Short Inverno Moletom,2022-07-01,13,18,36,Moletom,Inverno
Saia Inverno Lã,2022-07-01,26,22,44,Lã,Inverno
Cropped Inverno Algodão,2022-07-01,22,14,28,Algodão,Inverno
Camisa Inverno Flanela,2022-07-01,13,24,48,Flanela,Inverno
Blusa Inverno Lã,2022-07-01,27,26,52,Lã,Inverno
Bermuda Inverno Moletom,2022-07-01,22,20,40,Moletom,Inverno
Calça Inverno Malha,2022-07-01,26,28,56,Malha,Inverno
Calça Inverno Lã,2022-07-01,25,30,60,Lã,Inverno
T-shirt Inverno Algodão,2023-05-01,12,12,24,Algodão,Inverno
Vestido Inverno Lã,2023-05-01,14,32,64,Lã,Inverno
Saia Inverno Lã,2023-05-01,26,22,44,Lã,Inverno
Cropped Inverno Algodão,2023-05-01,25,14,28,Algodão,Inverno
Short Inverno Moletom,2023-05-01,19,18,36,Moletom,Inverno
Blusa Inverno Lã,2023-05-01,20,26,52,Lã,Inverno
Bermuda Inverno Moletom,2023-05-01,31,20,40,Moletom,Inverno
Calça Inverno Malha,2023-05-01,14,28,56,Malha,Inverno
Calça Inverno Lã,2023-05-01,24,30,60,Lã,Inverno
Camisa Inverno Flanela,2023-05-01,17,24,48,Flanela,Inverno
Vestido Inverno Lã,2023-06-01,17,32,64,Lã,Inverno
T-shirt Inverno Algodão,2023-06-01,29,12,24,Algodão,Inverno
Saia Inverno Lã,2023-06-01,27,22,44,Lã,Inverno
Cropped Inverno Algodão,2023-06-01,27,14,28,Algodão,Inverno
Short Inverno Moletom,2023-06-01,31,18,36,Moletom,Inverno
Blusa Inverno Lã,2023-06-01,20,26,52,Lã,Inverno
Bermuda Inverno Moletom,2023-06-01,26,20,40,Moletom,Inverno
Calça Inverno Malha,2023-06-01,17,28,56,Malha,Inverno
Calça Inverno Lã,2023-06-01,22,30,60,Lã,Inverno
Camisa Inverno Flanela,2023-06-01,18,24,48,Flanela,Inverno
T-shirt Inverno Algodão,2023-07-01,20,12,24,Algodão,Inverno
Calça Inverno Lã,2023-07-01,25,30,60,Lã,Inverno
Calça Inverno Malha,2023-07-01,12,28,56,Malha,Inverno
Bermuda Inverno Moletom,2023-07-01,38,20,40,Moletom,Inverno
Blusa Inverno Lã,2023-07-01,11,26,52,Lã,Inverno
Camisa Inverno Flanela,2023-07-01,9,24,48,Flanela,Inverno
Cropped Inverno Algodão,2023-07-01,30,14,28,Algodão,Inverno
Saia Inverno Lã,2023-07-01,27,22,44,Lã,Inverno
Short Inverno Moletom,2023-07-01,25,18,36,Moletom,Inverno
Vestido Inverno Lã,2023-07-01,25,32,64,Lã,Inverno
Calça Primavera Viscose,2013-08-01,15,20,40,Viscose,Primavera
Calça Primavera Linho,2013-08-01,10,22,44,Linho,Primavera
Bermuda Primavera Algodão,2013-08-01,17,18,36,Algodão,Primavera
Blusa Primavera Chiffon,2013-08-01,25,16,32,Chiffon,Primavera
Camisa Primavera Viscose,2013-08-01,9,24,48,Viscose,Primavera
Cropped Primavera Linho,2013-08-01,9,12,24,Linho,Primavera
Saia Primavera Seda,2013-08-01,25,14,28,Seda,Primavera
Short Primavera Algodão,2013-08-01,18,18,36,Algodão,Primavera
T-shirt Primavera Poliéster,2013-08-01,7,10,20,Poliéster,Primavera
Vestido Primavera Chiffon,2013-08-01,16,30,60,Chiffon,Primavera
Vestido Primavera Chiffon,2013-09-01,7,30,60,Chiffon,Primavera
T-shirt Primavera Poliéster,2013-09-01,7,10,20,Poliéster,Primavera
Short Primavera Algodão,2013-09-01,13,18,36,Algodão,Primavera
Saia Primavera Seda,2013-09-01,0,14,28,Seda,Primavera
Cropped Primavera Linho,2013-09-01,0,12,24,Linho,Primavera
Bermuda Primavera Algodão,2013-09-01,6,18,36,Algodão,Primavera
Blusa Primavera Chiffon,2013-09-01,2,16,32,Chiffon,Primavera
Calça Primavera Linho,2013-09-01,14,22,44,Linho,Primavera
Calça Primavera Viscose,2013-09-01,3,20,40,Viscose,Primavera
Camisa Primavera Viscose,2013-09-01,0,24,48,Viscose,Primavera
Saia Primavera Seda,2013-10-01,25,14,28,Seda,Primavera
Vestido Primavera Chiffon,2013-10-01,9,30,60,Chiffon,Primavera
T-shirt Primavera Poliéster,2013-10-01,12,10,20,Poliéster,Primavera
Short Primavera Algodão,2013-10-01,0,18,36,Algodão,Primavera
Cropped Primavera Linho,2013-10-01,7,12,24,Linho,Primavera
Bermuda Primavera Algodão,2013-10-01,12,18,36,Algodão,Primavera
Blusa Primavera Chiffon,2013-10-01,1,16,32,Chiffon,Primavera
Calça Primavera Linho,2013-10-01,15,22,44,Linho,Primavera
Calça Primavera Viscose,2013-10-01,6,20,40,Viscose,Primavera
Camisa Primavera Viscose,2013-10-01,9,24,48,Viscose,Primavera
Vestido Primavera Chiffon,2014-08-01,6,30,60,Chiffon,Primavera
T-shirt Primavera Poliéster,2014-08-01,28,10,20,Poliéster,Primavera
Short Primavera Algodão,2014-08-01,12,18,36,Algodão,Primavera
Saia Primavera Seda,2014-08-01,2,14,28,Seda,Primavera
Cropped Primavera Linho,2014-08-01,19,12,24,Linho,Primavera
Blusa Primavera Chiffon,2014-08-01,1,16,32,Chiffon,Primavera
Bermuda Primavera Algodão,2014-08-01,14,18,36,Algodão,Primavera
Calça Primavera Linho,2014-08-01,0,22,44,Linho,Primavera
Calça Primavera Viscose,2014-08-01,0,20,40,Viscose,Primavera
Camisa Primavera Viscose,2014-08-01,14,24,48,Viscose,Primavera
Saia Primavera Seda,2014-09-01,19,14,28,Seda,Primavera
Vestido Primavera Chiffon,2014-09-01,13,30,60,Chiffon,Primavera
T-shirt Primavera Poliéster,2014-09-01,11,10,20,Poliéster,Primavera
Short Primavera Algodão,2014-09-01,9,18,36,Algodão,Primavera
Cropped Primavera Linho,2014-09-01,0,12,24,Linho,Primavera
Bermuda Primavera Algodão,2014-09-01,6,18,36,Algodão,Primavera
Blusa Primavera Chiffon,2014-09-01,8,16,32,Chiffon,Primavera
Calça Primavera Viscose,2014-09-01,22,20,40,Viscose,Primavera
Camisa Primavera Viscose,2014-09-01,15,24,48,Viscose,Primavera
Calça Primavera Linho,2014-09-01,0,22,44,Linho,Primavera
Calça Primavera Viscose,2014-10-01,15,20,40,Viscose,Primavera
Calça Primavera Linho,2014-10-01,9,22,44,Linho,Primavera
Bermuda Primavera Algodão,2014-10-01,6,18,36,Algodão,Primavera
Blusa Primavera Chiffon,2014-10-01,18,16,32,Chiffon,Primavera
Cropped Primavera Linho,2014-10-01,22,12,24,Linho,Primavera
Saia Primavera Seda,2014-10-01,21,14,28,Seda,Primavera
Short Primavera Algodão,2014-10-01,5,18,36,Algodão,Primavera
T-shirt Primavera Poliéster,2014-10-01,10,10,20,Poliéster,Primavera
Vestido Primavera Chiffon,2014-10-01,15,30,60,Chiffon,Primavera
Camisa Primavera Viscose,2014-10-01,21,24,48,Viscose,Primavera
Vestido Primavera Chiffon,2015-08-01,8,30,60,Chiffon,Primavera
Saia Primavera Seda,2015-08-01,11,14,28,Seda,Primavera
T-shirt Primavera Poliéster,2015-08-01,3,10,20,Poliéster,Primavera
Short Primavera Algodão,2015-08-01,2,18,36,Algodão,Primavera
Cropped Primavera Linho,2015-08-01,20,12,24,Linho,Primavera
Blusa Primavera Chiffon,2015-08-01,25,16,32,Chiffon,Primavera
Bermuda Primavera Algodão,2015-08-01,12,18,36,Algodão,Primavera
Calça Primavera Linho,2015-08-01,22,22,44,Linho,Primavera
Calça Primavera Viscose,2015-08-01,16,20,40,Viscose,Primavera
Camisa Primavera Viscose,2015-08-01,7,24,48,Viscose,Primavera
Vestido Primavera Chiffon,2015-09-01,16,30,60,Chiffon,Primavera
T-shirt Primavera Poliéster,2015-09-01,27,10,20,Poliéster,Primavera
Short Primavera Algodão,2015-09-01,12,18,36,Algodão,Primavera
Saia Primavera Seda,2015-09-01,27,14,28,Seda,Primavera
Cropped Primavera Linho,2015-09-01,0,12,24,Linho,Primavera
Camisa Primavera Viscose,2015-09-01,20,24,48,Viscose,Primavera
Bermuda Primavera Algodão,2015-09-01,14,18,36,Algodão,Primavera
Calça Primavera Linho,2015-09-01,10,22,44,Linho,Primavera
Calça Primavera Viscose,2015-09-01,14,20,40,Viscose,Primavera
Blusa Primavera Chiffon,2015-09-01,0,16,32,Chiffon,Primavera
Saia Primavera Seda,2015-10-01,11,14,28,Seda,Primavera
Vestido Primavera Chiffon,2015-10-01,16,30,60,Chiffon,Primavera
T-shirt Primavera Poliéster,2015-10-01,26,10,20,Poliéster,Primavera
Short Primavera Algodão,2015-10-01,8,18,36,Algodão,Primavera
Cropped Primavera Linho,2015-10-01,6,12,24,Linho,Primavera
Bermuda Primavera Algodão,2015-10-01,9,18,36,Algodão,Primavera
Blusa Primavera Chiffon,2015-10-01,21,16,32,Chiffon,Primavera
Calça Primavera Viscose,2015-10-01,16,20,40,Viscose,Primavera
Camisa Primavera Viscose,2015-10-01,8,24,48,Viscose,Primavera
Calça Primavera Linho,2015-10-01,18,22,44,Linho,Primavera
Calça Primavera Viscose,2016-08-01,14,20,40,Viscose,Primavera
Calça Primavera Linho,2016-08-01,22,22,44,Linho,Primavera
Bermuda Primavera Algodão,2016-08-01,7,18,36,Algodão,Primavera
Blusa Primavera Chiffon,2016-08-01,10,16,32,Chiffon,Primavera
Camisa Primavera Viscose,2016-08-01,10,24,48,Viscose,Primavera
Cropped Primavera Linho,2016-08-01,0,12,24,Linho,Primavera
Saia Primavera Seda,2016-08-01,16,14,28,Seda,Primavera
Short Primavera Algodão,2016-08-01,16,18,36,Algodão,Primavera
T-shirt Primavera Poliéster,2016-08-01,14,10,20,Poliéster,Primavera
Vestido Primavera Chiffon,2016-08-01,11,30,60,Chiffon,Primavera
Saia Primavera Seda,2016-09-01,1,14,28,Seda,Primavera
Vestido Primavera Chiffon,2016-09-01,10,30,60,Chiffon,Primavera
T-shirt Primavera Poliéster,2016-09-01,11,10,20,Poliéster,Primavera
Short Primavera Algodão,2016-09-01,6,18,36,Algodão,Primavera
Cropped Primavera Linho,2016-09-01,12,12,24,Linho,Primavera
Camisa Primavera Viscose,2016-09-01,17,24,48,Viscose,Primavera
Blusa Primavera Chiffon,2016-09-01,31,16,32,Chiffon,Primavera
Bermuda Primavera Algodão,2016-09-01,15,18,36,Algodão,Primavera
Calça Primavera Linho,2016-09-01,16,22,44,Linho,Primavera
Calça Primavera Viscose,2016-09-01,13,20,40,Viscose,Primavera
Vestido Primavera Chiffon,2016-10-01,0,30,60,Chiffon,Primavera
T-shirt Primavera Poliéster,2016-10-01,14,10,20,Poliéster,Primavera
Short Primavera Algodão,2016-10-01,14,18,36,Algodão,Primavera
Saia Primavera Seda,2016-10-01,36,14,28,Seda,Primavera
Cropped Primavera Linho,2016-10-01,12,12,24,Linho,Primavera
Camisa Primavera Viscose,2016-10-01,17,24,48,Viscose,Primavera
Blusa Primavera Chiffon,2016-10-01,14,16,32,Chiffon,Primavera
Bermuda Primavera Algodão,2016-10-01,3,18,36,Algodão,Primavera
Calça Primavera Linho,2016-10-01,24,22,44,Linho,Primavera
Calça Primavera Viscose,2016-10-01,21,20,40,Viscose,Primavera
T-shirt Primavera Poliéster,2017-08-01,21,10,20,Poliéster,Primavera
Short Primavera Algodão,2017-08-01,6,18,36,Algodão,Primavera
Saia Primavera Seda,2017-08-01,27,14,28,Seda,Primavera
Vestido Primavera Chiffon,2017-08-01,2,30,60,Chiffon,Primavera
Cropped Primavera Linho,2017-08-01,19,12,24,Linho,Primavera
Blusa Primavera Chiffon,2017-08-01,34,16,32,Chiffon,Primavera
Calça Primavera Viscose,2017-08-01,5,20,40,Viscose,Primavera
Camisa Primavera Viscose,2017-08-01,9,24,48,Viscose,Primavera
Bermuda Primavera Algodão,2017-08-01,15,18,36,Algodão,Primavera
Calça Primavera Linho,2017-08-01,10,22,44,Linho,Primavera
Vestido Primavera Chiffon,2017-09-01,0,30,60,Chiffon,Primavera
T-shirt Primavera Poliéster,2017-09-01,15,10,20,Poliéster,Primavera
Short Primavera Algodão,2017-09-01,5,18,36,Algodão,Primavera
Cropped Primavera Linho,2017-09-01,19,12,24,Linho,Primavera
Saia Primavera Seda,2017-09-01,6,14,28,Seda,Primavera
Blusa Primavera Chiffon,2017-09-01,28,16,32,Chiffon,Primavera
Bermuda Primavera Algodão,2017-09-01,7,18,36,Algodão,Primavera
Calça Primavera Linho,2017-09-01,12,22,44,Linho,Primavera
Calça Primavera Viscose,2017-09-01,22,20,40,Viscose,Primavera
Camisa Primavera Viscose,2017-09-01,4,24,48,Viscose,Primavera
Vestido Primavera Chiffon,2017-10-01,17,30,60,Chiffon,Primavera
T-shirt Primavera Poliéster,2017-10-01,26,10,20,Poliéster,Primavera
Short Primavera Algodão,2017-10-01,0,18,36,Algodão,Primavera
Saia Primavera Seda,2017-10-01,16,14,28,Seda,Primavera
Cropped Primavera Linho,2017-10-01,17,12,24,Linho,Primavera
Camisa Primavera Viscose,2017-10-01,22,24,48,Viscose,Primavera
Bermuda Primavera Algodão,2017-10-01,4,18,36,Algodão,Primavera
Calça Primavera Linho,2017-10-01,3,22,44,Linho,Primavera
Calça Primavera Viscose,2017-10-01,20,20,40,Viscose,Primavera
Blusa Primavera Chiffon,2017-10-01,18,16,32,Chiffon,Primavera
Vestido Primavera Chiffon,2018-08-01,17,30,60,Chiffon,Primavera
T-shirt Primavera Poliéster,2018-08-01,18,10,20,Poliéster,Primavera
Short Primavera Algodão,2018-08-01,9,18,36,Algodão,Primavera
Saia Primavera Seda,2018-08-01,17,14,28,Seda,Primavera
Cropped Primavera Linho,2018-08-01,18,12,24,Linho,Primavera
Blusa Primavera Chiffon,2018-08-01,9,16,32,Chiffon,Primavera
Bermuda Primavera Algodão,2018-08-01,32,18,36,Algodão,Primavera
Calça Primavera Linho,2018-08-01,19,22,44,Linho,Primavera
Calça Primavera Viscose,2018-08-01,4,20,40,Viscose,Primavera
Camisa Primavera Viscose,2018-08-01,21,24,48,Viscose,Primavera
Saia Primavera Seda,2018-09-01,6,14,28,Seda,Primavera
Vestido Primavera Chiffon,2018-09-01,22,30,60,Chiffon,Primavera
T-shirt Primavera Poliéster,2018-09-01,26,10,20,Poliéster,Primavera
Short Primavera Algodão,2018-09-01,8,18,36,Algodão,Primavera
Cropped Primavera Linho,2018-09-01,24,12,24,Linho,Primavera
Camisa Primavera Viscose,2018-09-01,19,24,48,Viscose,Primavera
Blusa Primavera Chiffon,2018-09-01,23,16,32,Chiffon,Primavera
Bermuda Primavera Algodão,2018-09-01,32,18,36,Algodão,Primavera
Calça Primavera Linho,2018-09-01,13,22,44,Linho,Primavera
Calça Primavera Viscose,2018-09-01,9,20,40,Viscose,Primavera
Vestido Primavera Chiffon,2018-10-01,7,30,60,Chiffon,Primavera
T-shirt Primavera Poliéster,2018-10-01,8,10,20,Poliéster,Primavera
Short Primavera Algodão,2018-10-01,15,18,36,Algodão,Primavera
Saia Primavera Seda,2018-10-01,19,14,28,Seda,Primavera
Cropped Primavera Linho,2018-10-01,18,12,24,Linho,Primavera
Camisa Primavera Viscose,2018-10-01,23,24,48,Viscose,Primavera
Blusa Primavera Chiffon,2018-10-01,16,16,32,Chiffon,Primavera
Bermuda Primavera Algodão,2018-10-01,29,18,36,Algodão,Primavera
Calça Primavera Linho,2018-10-01,13,22,44,Linho,Primavera
Calça Primavera Viscose,2018-10-01,40,20,40,Viscose,Primavera
Vestido Primavera Chiffon,2019-08-01,21,30,60,Chiffon,Primavera
T-shirt Primavera Poliéster,2019-08-01,8,10,20,Poliéster,Primavera
Short Primavera Algodão,2019-08-01,6,18,36,Algodão,Primavera
Saia Primavera Seda,2019-08-01,20,14,28,Seda,Primavera
Cropped Primavera Linho,2019-08-01,14,12,24,Linho,Primavera
Blusa Primavera Chiffon,2019-08-01,22,16,32,Chiffon,Primavera
Bermuda Primavera Algodão,2019-08-01,20,18,36,Algodão,Primavera
Calça Primavera Linho,2019-08-01,15,22,44,Linho,Primavera
Calça Primavera Viscose,2019-08-01,8,20,40,Viscose,Primavera
Camisa Primavera Viscose,2019-08-01,2,24,48,Viscose,Primavera
Camisa Primavera Viscose,2019-09-01,12,24,48,Viscose,Primavera
Calça Primavera Viscose,2019-09-01,24,20,40,Viscose,Primavera
Calça Primavera Linho,2019-09-01,18,22,44,Linho,Primavera
Bermuda Primavera Algodão,2019-09-01,5,18,36,Algodão,Primavera
Blusa Primavera Chiffon,2019-09-01,18,16,32,Chiffon,Primavera
Cropped Primavera Linho,2019-09-01,20,12,24,Linho,Primavera
Saia Primavera Seda,2019-09-01,8,14,28,Seda,Primavera
Short Primavera Algodão,2019-09-01,18,18,36,Algodão,Primavera
T-shirt Primavera Poliéster,2019-09-01,17,10,20,Poliéster,Primavera
Vestido Primavera Chiffon,2019-09-01,6,30,60,Chiffon,Primavera
Short Primavera Algodão,2019-10-01,19,18,36,Algodão,Primavera
Saia Primavera Seda,2019-10-01,21,14,28,Seda,Primavera
Vestido Primavera Chiffon,2019-10-01,26,30,60,Chiffon,Primavera
T-shirt Primavera Poliéster,2019-10-01,26,10,20,Poliéster,Primavera
Cropped Primavera Linho,2019-10-01,4,12,24,Linho,Primavera
Camisa Primavera Viscose,2019-10-01,8,24,48,Viscose,Primavera
Blusa Primavera Chiffon,2019-10-01,21,16,32,Chiffon,Primavera
Bermuda Primavera Algodão,2019-10-01,21,18,36,Algodão,Primavera
Calça Primavera Linho,2019-10-01,21,22,44,Linho,Primavera
Calça Primavera Viscose,2019-10-01,51,20,40,Viscose,Primavera
Vestido Primavera Chiffon,2020-08-01,22,30,60,Chiffon,Primavera
T-shirt Primavera Poliéster,2020-08-01,27,10,20,Poliéster,Primavera
Short Primavera Algodão,2020-08-01,25,18,36,Algodão,Primavera
Saia Primavera Seda,2020-08-01,22,14,28,Seda,Primavera
Cropped Primavera Linho,2020-08-01,14,12,24,Linho,Primavera
Blusa Primavera Chiffon,2020-08-01,24,16,32,Chiffon,Primavera
Bermuda Primavera Algodão,2020-08-01,10,18,36,Algodão,Primavera
Calça Primavera Linho,2020-08-01,15,22,44,Linho,Primavera
Calça Primavera Viscose,2020-08-01,12,20,40,Viscose,Primavera
Camisa Primavera Viscose,2020-08-01,18,24,48,Viscose,Primavera
Saia Primavera Seda,2020-09-01,38,14,28,Seda,Primavera
Vestido Primavera Chiffon,2020-09-01,0,30,60,Chiffon,Primavera
T-shirt Primavera Poliéster,2020-09-01,23,10,20,Poliéster,Primavera
Short Primavera Algodão,2020-09-01,2,18,36,Algodão,Primavera
Cropped Primavera Linho,2020-09-01,13,12,24,Linho,Primavera
Camisa Primavera Viscose,2020-09-01,27,24,48,Viscose,Primavera
Blusa Primavera Chiffon,2020-09-01,18,16,32,Chiffon,Primavera
Bermuda Primavera Algodão,2020-09-01,7,18,36,Algodão,Primavera
Calça Primavera Linho,2020-09-01,11,22,44,Linho,Primavera
Calça Primavera Viscose,2020-09-01,23,20,40,Viscose,Primavera
Vestido Primavera Chiffon,2020-10-01,11,30,60,Chiffon,Primavera
T-shirt Primavera Poliéster,2020-10-01,19,10,20,Poliéster,Primavera
Short Primavera Algodão,2020-10-01,18,18,36,Algodão,Primavera
Saia Primavera Seda,2020-10-01,11,14,28,Seda,Primavera
Cropped Primavera Linho,2020-10-01,36,12,24,Linho,Primavera
Camisa Primavera Viscose,2020-10-01,23,24,48,Viscose,Primavera
Blusa Primavera Chiffon,2020-10-01,0,16,32,Chiffon,Primavera
Bermuda Primavera Algodão,2020-10-01,19,18,36,Algodão,Primavera
Calça Primavera Linho,2020-10-01,11,22,44,Linho,Primavera
Calça Primavera Viscose,2020-10-01,25,20,40,Viscose,Primavera
Vestido Primavera Chiffon,2021-08-01,10,30,60,Chiffon,Primavera
T-shirt Primavera Poliéster,2021-08-01,16,10,20,Poliéster,Primavera
Saia Primavera Seda,2021-08-01,22,14,28,Seda,Primavera
Cropped Primavera Linho,2021-08-01,25,12,24,Linho,Primavera
Short Primavera Algodão,2021-08-01,7,18,36,Algodão,Primavera
Blusa Primavera Chiffon,2021-08-01,14,16,32,Chiffon,Primavera
Bermuda Primavera Algodão,2021-08-01,13,18,36,Algodão,Primavera
Camisa Primavera Viscose,2021-08-01,12,24,48,Viscose,Primavera
Calça Primavera Linho,2021-08-01,33,22,44,Linho,Primavera
Calça Primavera Viscose,2021-08-01,21,20,40,Viscose,Primavera
Vestido Primavera Chiffon,2021-09-01,6,30,60,Chiffon,Primavera
T-shirt Primavera Poliéster,2021-09-01,26,10,20,Poliéster,Primavera
Short Primavera Algodão,2021-09-01,37,18,36,Algodão,Primavera
Saia Primavera Seda,2021-09-01,27,14,28,Seda,Primavera
Cropped Primavera Linho,2021-09-01,4,12,24,Linho,Primavera
Camisa Primavera Viscose,2021-09-01,13,24,48,Viscose,Primavera
Blusa Primavera Chiffon,2021-09-01,29,16,32,Chiffon,Primavera
Bermuda Primavera Algodão,2021-09-01,11,18,36,Algodão,Primavera
Calça Primavera Linho,2021-09-01,22,22,44,Linho,Primavera
Calça Primavera Viscose,2021-09-01,25,20,40,Viscose,Primavera
Vestido Primavera Chiffon,2021-10-01,10,30,60,Chiffon,Primavera
T-shirt Primavera Poliéster,2021-10-01,17,10,20,Poliéster,Primavera
Short Primavera Algodão,2021-10-01,0,18,36,Algodão,Primavera
Saia Primavera Seda,2021-10-01,9,14,28,Seda,Primavera
Cropped Primavera Linho,2021-10-01,16,12,24,Linho,Primavera
Camisa Primavera Viscose,2021-10-01,7,24,48,Viscose,Primavera
Blusa Primavera Chiffon,2021-10-01,33,16,32,Chiffon,Primavera
Bermuda Primavera Algodão,2021-10-01,5,18,36,Algodão,Primavera
Calça Primavera Linho,2021-10-01,14,22,44,Linho,Primavera
Calça Primavera Viscose,2021-10-01,19,20,40,Viscose,Primavera
Vestido Primavera Chiffon,2022-08-01,31,30,60,Chiffon,Primavera
T-shirt Primavera Poliéster,2022-08-01,5,10,20,Poliéster,Primavera
Short Primavera Algodão,2022-08-01,29,18,36,Algodão,Primavera
Saia Primavera Seda,2022-08-01,18,14,28,Seda,Primavera
Cropped Primavera Linho,2022-08-01,9,12,24,Linho,Primavera
Camisa Primavera Viscose,2022-08-01,22,24,48,Viscose,Primavera
Blusa Primavera Chiffon,2022-08-01,20,16,32,Chiffon,Primavera
Bermuda Primavera Algodão,2022-08-01,13,18,36,Algodão,Primavera
Calça Primavera Linho,2022-08-01,19,22,44,Linho,Primavera
Calça Primavera Viscose,2022-08-01,15,20,40,Viscose,Primavera
T-shirt Primavera Poliéster,2022-09-01,19,10,20,Poliéster,Primavera
Vestido Primavera Chiffon,2022-09-01,24,30,60,Chiffon,Primavera
Saia Primavera Seda,2022-09-01,33,14,28,Seda,Primavera
Cropped Primavera Linho,2022-09-01,7,12,24,Linho,Primavera
Short Primavera Algodão,2022-09-01,38,18,36,Algodão,Primavera
Blusa Primavera Chiffon,2022-09-01,1,16,32,Chiffon,Primavera
Bermuda Primavera Algodão,2022-09-01,17,18,36,Algodão,Primavera
Calça Primavera Linho,2022-09-01,24,22,44,Linho,Primavera
Calça Primavera Viscose,2022-09-01,21,20,40,Viscose,Primavera
Camisa Primavera Viscose,2022-09-01,13,24,48,Viscose,Primavera
Vestido Primavera Chiffon,2022-10-01,17,30,60,Chiffon,Primavera
T-shirt Primavera Poliéster,2022-10-01,14,10,20,Poliéster,Primavera
Short Primavera Algodão,2022-10-01,13,18,36,Algodão,Primavera
Saia Primavera Seda,2022-10-01,26,14,28,Seda,Primavera
Cropped Primavera Linho,2022-10-01,22,12,24,Linho,Primavera
Camisa Primavera Viscose,2022-10-01,13,24,48,Viscose,Primavera
Blusa Primavera Chiffon,2022-10-01,27,16,32,Chiffon,Primavera
Bermuda Primavera Algodão,2022-10-01,22,18,36,Algodão,Primavera
Calça Primavera Linho,2022-10-01,26,22,44,Linho,Primavera
Calça Primavera Viscose,2022-10-01,25,20,40,Viscose,Primavera
T-shirt Primavera Poliéster,2023-08-01,12,10,20,Poliéster,Primavera
Vestido Primavera Chiffon,2023-08-01,14,30,60,Chiffon,Primavera
Saia Primavera Seda,2023-08-01,26,14,28,Seda,Primavera
Cropped Primavera Linho,2023-08-01,25,12,24,Linho,Primavera
Short Primavera Algodão,2023-08-01,19,18,36,Algodão,Primavera
Blusa Primavera Chiffon,2023-08-01,20,16,32,Chiffon,Primavera
Bermuda Primavera Algodão,2023-08-01,31,18,36,Algodão,Primavera
Calça Primavera Linho,2023-08-01,14,22,44,Linho,Primavera
Calça Primavera Viscose,2023-08-01,24,20,40,Viscose,Primavera
Camisa Primavera Viscose,2023-08-01,17,24,48,Viscose,Primavera
Vestido Primavera Chiffon,2023-09-01,17,30,60,Chiffon,Primavera
T-shirt Primavera Poliéster,2023-09-01,29,10,20,Poliéster,Primavera
Saia Primavera Seda,2023-09-01,27,14,28,Seda,Primavera
Cropped Primavera Linho,2023-09-01,27,12,24,Linho,Primavera
Short Primavera Algodão,2023-09-01,31,18,36,Algodão,Primavera
Blusa Primavera Chiffon,2023-09-01,20,16,32,Chiffon,Primavera
Bermuda Primavera Algodão,2023-09-01,26,18,36,Algodão,Primavera
Calça Primavera Linho,2023-09-01,17,22,44,Linho,Primavera
Calça Primavera Viscose,2023-09-01,22,20,40,Viscose,Primavera
Camisa Primavera Viscose,2023-09-01,18,24,48,Viscose,Primavera
T-shirt Primavera Poliéster,2023-10-01,20,10,20,Poliéster,Primavera
Calça Primavera Viscose,2023-10-01,25,20,40,Viscose,Primavera
Calça Primavera Linho,2023-10-01,12,22,44,Linho,Primavera
Bermuda Primavera Algodão,2023-10-01,38,18,36,Algodão,Primavera
Blusa Primavera Chiffon,2023-10-01,11,16,32,Chiffon,Primavera
Camisa Primavera Viscose,2023-10-01,9,24,48,Viscose,Primavera
Cropped Primavera Linho,2023-10-01,30,12,24,Linho,Primavera
Saia Primavera Seda,2023-10-01,27,14,28,Seda,Primavera
Short Primavera Algodão,2023-10-01,25,18,36,Algodão,Primavera
Vestido Primavera Chiffon,2023-10-01,25,30,60,Chiffon,Primavera
